Workbook

Sheet Chart
K1: Project Status

Sheet Model_all
A1: Month Name | B1: Sprint No | C1: Sprint No | D1: Sprint | E1: Start | F1: Stop | G1: Working days | H1: Devs (FTE) | I1: Original Scope | J1: Backlog Scope | K1: Delivered Scope [Total] | L1: P15 Trendline | M1: P50 Trendline | N1: Pessimistic Original Plan | O1: Optimal Original Plan | P1: Velo Pessimistic per sprint/dev | Q1: Velocity Optimal per Sprint/dev | R1: Pessimistic Plan per Sprint | S1: Optimal Plan per Sprint | T1: Trend per Sprint (p15) | U1: Trend per Sprint (p50) | V1: Delivered Scope per Sprint | X1: P15 | Y1: P50 | AA1: Velo Pes - per day/dev | AB1: Velo Op - per day/dev | AC1: Div Scope
A2: =TEXT(E2,"[$-409]MMM") -> Nov | B2: 1 | C2: 03.11-16.11 | D2: =$D$1&" "&B2 -> Sprint 1 | E2: =Model_BE!E2 -> 2025-11-03 | F2: =E2+13 -> 2025-11-16 | G2: 9 | H2: =Model_BE!H2+Model_FE!H2 -> 3.5 | I2: =Model_BE!I2+Model_FE!I2 -> 900 | J2: =Model_BE!J2+Model_FE!J2 -> 900 | K2: =Model_BE!K2+Model_FE!K2 -> 121 | N2: =K2 -> 121 | O2: =K2 -> 121 | P2: =$AA$2*G2 -> 31.5 | Q2: =$AB$2*G2 -> 40.5 | R2: =P2*H2 -> 110.25 | S2: =Q2*H2 -> 141.75 | T2: =X$2 -> 110.6 | U2: =Y$2 -> 127 | V2: =Model_BE!V2+Model_FE!V2 -> 121 | X2: {=_xlfn.PERCENTILE.INC(_xlfn.TAKE(_xlfn._xlws.FILTER(V:V, V:V<>""), -5), 0.15)} -> 110.6 | Y2: {=_xlfn.PERCENTILE.INC(_xlfn.TAKE(_xlfn._xlws.FILTER(V:V, V:V<>""), -5), 0.5)} -> 127 | AA2: 3.5 | AB2: 4.5 | AC2: =J12-I12 -> 98
A3: =TEXT(E3,"[$-409]MMM") -> Nov | B3: 2 | C3: 17.11-30.11 | D3: =$D$1&" "&B3 -> Sprint 2 | E3: =F2+1 -> 2025-11-17 | F3: =E3+13 -> 2025-11-30 | G3: 10 | H3: =Model_BE!H3+Model_FE!H3 -> 3.5 | I3: =Model_BE!I3+Model_FE!I3 -> 900 | J3: =Model_BE!J3+Model_FE!J3 -> 900 | K3: =Model_BE!K3+Model_FE!K3 -> 261 | N3: =N2+R3 -> 243.5 | O3: =O2+S3 -> 278.5 | P3: =$AA$2*G3 -> 35 | Q3: =$AB$2*G3 -> 45 | R3: =P3*H3 -> 122.5 | S3: =Q3*H3 -> 157.5 | T3: =X$2 -> 110.6 | U3: =Y$2 -> 127 | V3: =Model_BE!V3+Model_FE!V3 -> 140 | AA3: 35h x 1 dev/sprint | AB3: 45h x 1 dev/sprint
A4: =TEXT(E4,"[$-409]MMM") -> Dec | B4: 3 | C4: 01.12-14.12 | D4: =$D$1&" "&B4 -> Sprint 3 | E4: =F3+1 -> 2025-12-01 | F4: =E4+13 -> 2025-12-14 | G4: 10 | H4: =Model_BE!H4+Model_FE!H4 -> 3.5 | I4: =Model_BE!I4+Model_FE!I4 -> 900 | J4: =Model_BE!J4+Model_FE!J4 -> 920 | K4: =Model_BE!K4+Model_FE!K4 -> 393 | N4: =N3+R4 -> 366 | O4: =O3+S4 -> 436 | P4: =$AA$2*G4 -> 35 | Q4: =$AB$2*G4 -> 45 | R4: =P4*H4 -> 122.5 | S4: =Q4*H4 -> 157.5 | T4: =X$2 -> 110.6 | U4: =Y$2 -> 127 | V4: =Model_BE!V4+Model_FE!V4 -> 132
A5: =TEXT(E5,"[$-409]MMM") -> Dec | B5: 4 | C5: 15.12-28.12 | D5: =$D$1&" "&B5 -> Sprint 4 | E5: =F4+1 -> 2025-12-15 | F5: =E5+13 -> 2025-12-28 | G5: 7 | H5: =Model_BE!H5+Model_FE!H5 -> 3.5 | I5: =Model_BE!I5+Model_FE!I5 -> 900 | J5: =Model_BE!J5+Model_FE!J5 -> 940 | K5: =Model_BE!K5+Model_FE!K5 -> 488 | N5: =N4+R5 -> 451.75 | O5: =O4+S5 -> 546.25 | P5: =$AA$2*G5 -> 24.5 | Q5: =$AB$2*G5 -> 31.5 | R5: =P5*H5 -> 85.75 | S5: =Q5*H5 -> 110.25 | T5: =X$2 -> 110.6 | U5: =Y$2 -> 127 | V5: =Model_BE!V5+Model_FE!V5 -> 95
A6: =TEXT(E6,"[$-409]MMM") -> Dec | B6: 5 | C6: 29.12-11.01 | D6: =$D$1&" "&B6 -> Sprint 5 | E6: =F5+1 -> 2025-12-29 | F6: =E6+13 -> 2026-01-11 | G6: 7 | H6: =Model_BE!H6+Model_FE!H6 -> 3.5 | I6: =Model_BE!I6+Model_FE!I6 -> 900 | J6: =Model_BE!J6+Model_FE!J6 -> 998 | K6: =Model_BE!K6+Model_FE!K6 -> 615 | L6: =K6 -> 615 | M6: =K6 -> 615 | N6: =N5+R6 -> 537.5 | O6: =O5+S6 -> 656.5 | P6: =$AA$2*G6 -> 24.5 | Q6: =$AB$2*G6 -> 31.5 | R6: =P6*H6 -> 85.75 | S6: =Q6*H6 -> 110.25 | T6: =X$2 -> 110.6 | U6: =Y$2 -> 127 | V6: =Model_BE!V6+Model_FE!V6 -> 127
A7: =TEXT(E7,"[$-409]MMM") -> Jan | B7: 6 | C7: 12.01-25.01 | D7: =$D$1&" "&B7 -> Sprint 6 | E7: =F6+1 -> 2026-01-12 | F7: =E7+13 -> 2026-01-25 | G7: 10 | H7: =Model_BE!H7+Model_FE!H7 -> 3.5 | I7: =Model_BE!I7+Model_FE!I7 -> 900 | J7: =Model_BE!J7+Model_FE!J7 -> 998 | L7: =L6+T7 -> 725.6 | M7: =M6+U7 -> 742 | N7: =N6+R7 -> 660 | O7: =O6+S7 -> 814 | P7: =$AA$2*G7 -> 35 | Q7: =$AB$2*G7 -> 45 | R7: =P7*H7 -> 122.5 | S7: =Q7*H7 -> 157.5 | T7: =X$2 -> 110.6 | U7: =Y$2 -> 127
A8: =TEXT(E8,"[$-409]MMM") -> Jan | B8: 7 | C8: 26.01-08.02 | D8: =$D$1&" "&B8 -> Sprint 7 | E8: =F7+1 -> 2026-01-26 | F8: =E8+13 -> 2026-02-08 | G8: 10 | H8: =Model_BE!H8+Model_FE!H8 -> 3.5 | I8: =Model_BE!I8+Model_FE!I8 -> 900 | J8: =Model_BE!J8+Model_FE!J8 -> 998 | L8: =L7+T8 -> 836.2 | M8: =M7+U8 -> 869 | N8: =N7+R8 -> 782.5 | O8: =O7+S8 -> 971.5 | P8: =$AA$2*G8 -> 35 | Q8: =$AB$2*G8 -> 45 | R8: =P8*H8 -> 122.5 | S8: =Q8*H8 -> 157.5 | T8: =X$2 -> 110.6 | U8: =Y$2 -> 127
A9: =TEXT(E9,"[$-409]MMM") -> Feb | B9: 8 | C9: 09.02-22.02 | D9: =$D$1&" "&B9 -> Sprint 8 | E9: =F8+1 -> 2026-02-09 | F9: =E9+13 -> 2026-02-22 | G9: 10 | H9: =Model_BE!H9+Model_FE!H9 -> 3.5 | I9: =Model_BE!I9+Model_FE!I9 -> 900 | J9: =Model_BE!J9+Model_FE!J9 -> 998 | L9: =L8+T9 -> 946.8 | M9: =M8+U9 -> 996 | N9: =N8+R9 -> 905 | O9: =O8+S9 -> 1129 | P9: =$AA$2*G9 -> 35 | Q9: =$AB$2*G9 -> 45 | R9: =P9*H9 -> 122.5 | S9: =Q9*H9 -> 157.5 | T9: =X$2 -> 110.6 | U9: =Y$2 -> 127
A10: =TEXT(E10,"[$-409]MMM") -> Feb | B10: 9 | C10: 23.02-08.03 | D10: =$D$1&" "&B10 -> Sprint 9 | E10: =F9+1 -> 2026-02-23 | F10: =E10+13 -> 2026-03-08 | G10: 10 | H10: =Model_BE!H10+Model_FE!H10 -> 3.5 | I10: =Model_BE!I10+Model_FE!I10 -> 900 | J10: =Model_BE!J10+Model_FE!J10 -> 998 | L10: =L9+T10 -> 1057.4 | M10: =M9+U10 -> 1123 | N10: =N9+R10 -> 1027.5 | O10: =O9+S10 -> 1286.5 | P10: =$AA$2*G10 -> 35 | Q10: =$AB$2*G10 -> 45 | R10: =P10*H10 -> 122.5 | S10: =Q10*H10 -> 157.5 | T10: =X$2 -> 110.6 | U10: =Y$2 -> 127
A11: =TEXT(E11,"[$-409]MMM") -> Mar | B11: 10 | C11: 08.03-21.03 | D11: =$D$1&" "&B11 -> Sprint 10 | E11: =F10+1 -> 2026-03-09 | F11: =E11+13 -> 2026-03-22 | G11: 10 | H11: =Model_BE!H11+Model_FE!H11 -> 3.5 | I11: =Model_BE!I11+Model_FE!I11 -> 900 | J11: =Model_BE!J11+Model_FE!J11 -> 998 | L11: =L10+T11 -> 1168 | M11: =M10+U11 -> 1250 | N11: =N10+R11 -> 1150 | O11: =O10+S11 -> 1444 | P11: =$AA$2*G11 -> 35 | Q11: =$AB$2*G11 -> 45 | R11: =P11*H11 -> 122.5 | S11: =Q11*H11 -> 157.5 | T11: =X$2 -> 110.6 | U11: =Y$2 -> 127
A12: =TEXT(E12,"[$-409]MMM") -> Mar | B12: 11 | C12: 21.03-03.04 | D12: =$D$1&" "&B12 -> Sprint 11 | E12: =F11+1 -> 2026-03-23 | F12: =E12+13 -> 2026-04-05 | G12: 10 | H12: =Model_BE!H12+Model_FE!H12 -> 3.5 | I12: =Model_BE!I12+Model_FE!I12 -> 900 | J12: =Model_BE!J12+Model_FE!J12 -> 998 | L12: =L11+T12 -> 1278.6 | M12: =M11+U12 -> 1377 | N12: =N11+R12 -> 1272.5 | O12: =O11+S12 -> 1601.5 | P12: =$AA$2*G12 -> 35 | Q12: =$AB$2*G12 -> 45 | R12: =P12*H12 -> 122.5 | S12: =Q12*H12 -> 157.5 | T12: =X$2 -> 110.6 | U12: =Y$2 -> 127

Sheet Model_BE
A1: Month Name | B1: Sprint No | C1: Sprint No | D1: Sprint | E1: Start | F1: Stop | G1: Working days | H1: Devs (FTE) | I1: Original Scope | J1: Backlog Scope | K1: Delivered Scope [Total] | L1: P15 Trendline | M1: P50 Trendline | N1: Pessimistic Original Plan | O1: Optimal Original Plan | P1: Velo Pessimistic per sprint/dev | Q1: Velocity Optimal per Sprint/dev | R1: Pessimistic Plan per Sprint | S1: Optimal Plan per Sprint | T1: Trend per Sprint (p15) | U1: Trend per Sprint (p50) | V1: Delivered Scope per Sprint | X1: P15 | Y1: P50 | AA1: Velo Pes - per day/dev | AB1: Velo Op - per day/dev | AC1: Div Scope | AD1: Additional days to cover
A2: =TEXT(E2,"[$-409]MMM") -> Nov | B2: 1 | C2: 03.11-16.11 | D2: =$D$1&" "&B2 -> Sprint 1 | E2: 2025-11-03 | F2: =E2+13 -> 2025-11-16 | G2: 9 | H2: 2 | I2: 500 | J2: 500 | K2: =V2 -> 66 | N2: =R2 -> 63 | O2: =S2 -> 81 | P2: =$AA$2*G2 -> 31.5 | Q2: =$AB$2*G2 -> 40.5 | R2: =P2*H2 -> 63 | S2: =Q2*H2 -> 81 | T2: =X$2 -> 57.6 | U2: =Y$2 -> 68 | V2: 66 | X2: {=_xlfn.PERCENTILE.INC(_xlfn.TAKE(_xlfn._xlws.FILTER(V:V, V:V<>""), -5), 0.15)} -> 57.6 | Y2: {=_xlfn.PERCENTILE.INC(_xlfn.TAKE(_xlfn._xlws.FILTER(V:V, V:V<>""), -5), 0.5)} -> 68 | AA2: 3.5 | AB2: 4.5 | AC2: =J12-I12 -> 78 | AD2: =(AC2/X2)*10 -> 13.541667
A3: =TEXT(E3,"[$-409]MMM") -> Nov | B3: 2 | C3: 17.11-30.11 | D3: =$D$1&" "&B3 -> Sprint 2 | E3: =F2+1 -> 2025-11-17 | F3: =E3+13 -> 2025-11-30 | G3: 10 | H3: 2 | I3: 500 | J3: 500 | K3: =K2+V3 -> 146 | N3: =N2+R3 -> 133 | O3: =O2+S3 -> 171 | P3: =$AA$2*G3 -> 35 | Q3: =$AB$2*G3 -> 45 | R3: =P3*H3 -> 70 | S3: =Q3*H3 -> 90 | T3: =X$2 -> 57.6 | U3: =Y$2 -> 68 | V3: 80 | AA3: 35h x 1 dev/sprint | AB3: 45h x 1 dev/sprint
A4: =TEXT(E4,"[$-409]MMM") -> Dec | B4: 3 | C4: 01.12-14.12 | D4: =$D$1&" "&B4 -> Sprint 3 | E4: =F3+1 -> 2025-12-01 | F4: =E4+13 -> 2025-12-14 | G4: 10 | H4: 2 | I4: 500 | J4: 500 | K4: =K3+V4 -> 214 | N4: =N3+R4 -> 203 | O4: =O3+S4 -> 261 | P4: =$AA$2*G4 -> 35 | Q4: =$AB$2*G4 -> 45 | R4: =P4*H4 -> 70 | S4: =Q4*H4 -> 90 | T4: =X$2 -> 57.6 | U4: =Y$2 -> 68 | V4: 68
A5: =TEXT(E5,"[$-409]MMM") -> Dec | B5: 4 | C5: 15.12-28.12 | D5: =$D$1&" "&B5 -> Sprint 4 | E5: =F4+1 -> 2025-12-15 | F5: =E5+13 -> 2025-12-28 | G5: 7 | H5: 2 | I5: 500 | J5: 520 | K5: =K4+V5 -> 259 | N5: =N4+R5 -> 252 | O5: =O4+S5 -> 324 | P5: =$AA$2*G5 -> 24.5 | Q5: =$AB$2*G5 -> 31.5 | R5: =P5*H5 -> 49 | S5: =Q5*H5 -> 63 | T5: =X$2 -> 57.6 | U5: =Y$2 -> 68 | V5: 45
A6: =TEXT(E6,"[$-409]MMM") -> Dec | B6: 5 | C6: 29.12-11.01 | D6: =$D$1&" "&B6 -> Sprint 5 | E6: =F5+1 -> 2025-12-29 | F6: =E6+13 -> 2026-01-11 | G6: 7 | H6: 2 | I6: 500 | J6: 578 | K6: =K5+V6 -> 331 | L6: =K6 -> 331 | M6: =K6 -> 331 | N6: =N5+R6 -> 301 | O6: =O5+S6 -> 387 | P6: =$AA$2*G6 -> 24.5 | Q6: =$AB$2*G6 -> 31.5 | R6: =P6*H6 -> 49 | S6: =Q6*H6 -> 63 | T6: =X$2 -> 57.6 | U6: =Y$2 -> 68 | V6: 72
A7: =TEXT(E7,"[$-409]MMM") -> Jan | B7: 6 | C7: 12.01-25.01 | D7: =$D$1&" "&B7 -> Sprint 6 | E7: =F6+1 -> 2026-01-12 | F7: =E7+13 -> 2026-01-25 | G7: 10 | H7: 2 | I7: 500 | J7: =J6 -> 578 | L7: =L6+T6 -> 388.6 | M7: =M6+U7 -> 399 | N7: =N6+R7 -> 371 | O7: =O6+S7 -> 477 | P7: =$AA$2*G7 -> 35 | Q7: =$AB$2*G7 -> 45 | R7: =P7*H7 -> 70 | S7: =Q7*H7 -> 90 | T7: =X$2 -> 57.6 | U7: =Y$2 -> 68
A8: =TEXT(E8,"[$-409]MMM") -> Jan | B8: 7 | C8: 26.01-08.02 | D8: =$D$1&" "&B8 -> Sprint 7 | E8: =F7+1 -> 2026-01-26 | F8: =E8+13 -> 2026-02-08 | G8: 10 | H8: 2 | I8: 500 | J8: =J7 -> 578 | L8: =L7+T7 -> 446.2 | M8: =M7+U8 -> 467 | N8: =N7+R8 -> 441 | O8: =O7+S8 -> 567 | P8: =$AA$2*G8 -> 35 | Q8: =$AB$2*G8 -> 45 | R8: =P8*H8 -> 70 | S8: =Q8*H8 -> 90 | T8: =X$2 -> 57.6 | U8: =Y$2 -> 68
A9: =TEXT(E9,"[$-409]MMM") -> Feb | B9: 8 | C9: 09.02-22.02 | D9: =$D$1&" "&B9 -> Sprint 8 | E9: =F8+1 -> 2026-02-09 | F9: =E9+13 -> 2026-02-22 | G9: 10 | H9: 2 | I9: 500 | J9: =J8 -> 578 | L9: =L8+T8 -> 503.8 | M9: =M8+U9 -> 535 | N9: =N8+R9 -> 511 | O9: =O8+S9 -> 657 | P9: =$AA$2*G9 -> 35 | Q9: =$AB$2*G9 -> 45 | R9: =P9*H9 -> 70 | S9: =Q9*H9 -> 90 | T9: =X$2 -> 57.6 | U9: =Y$2 -> 68
A10: =TEXT(E10,"[$-409]MMM") -> Feb | B10: 9 | C10: 23.02-08.03 | D10: =$D$1&" "&B10 -> Sprint 9 | E10: =F9+1 -> 2026-02-23 | F10: =E10+13 -> 2026-03-08 | G10: 10 | H10: 2 | I10: 500 | J10: =J9 -> 578 | L10: =L9+T9 -> 561.4 | M10: =M9+U10 -> 603 | N10: =N9+R10 -> 581 | O10: =O9+S10 -> 747 | P10: =$AA$2*G10 -> 35 | Q10: =$AB$2*G10 -> 45 | R10: =P10*H10 -> 70 | S10: =Q10*H10 -> 90 | T10: =X$2 -> 57.6 | U10: =Y$2 -> 68
A11: =TEXT(E11,"[$-409]MMM") -> Mar | B11: 10 | C11: 08.03-21.03 | D11: =$D$1&" "&B11 -> Sprint 10 | E11: =F10+1 -> 2026-03-09 | F11: =E11+13 -> 2026-03-22 | G11: 10 | H11: 2 | I11: 500 | J11: =J10 -> 578 | L11: =L10+T10 -> 619 | M11: =M10+U11 -> 671 | N11: =N10+R11 -> 651 | O11: =O10+S11 -> 837 | P11: =$AA$2*G11 -> 35 | Q11: =$AB$2*G11 -> 45 | R11: =P11*H11 -> 70 | S11: =Q11*H11 -> 90 | T11: =X$2 -> 57.6 | U11: =Y$2 -> 68
A12: =TEXT(E12,"[$-409]MMM") -> Mar | B12: 11 | C12: 21.03-03.04 | D12: =$D$1&" "&B12 -> Sprint 11 | E12: =F11+1 -> 2026-03-23 | F12: =E12+13 -> 2026-04-05 | G12: 10 | H12: 2 | I12: 500 | J12: =J11 -> 578 | L12: =L11+T11 -> 676.6 | M12: =M11+U12 -> 739 | N12: =N11+R12 -> 721 | O12: =O11+S12 -> 927 | P12: =$AA$2*G12 -> 35 | Q12: =$AB$2*G12 -> 45 | R12: =P12*H12 -> 70 | S12: =Q12*H12 -> 90 | T12: =X$2 -> 57.6 | U12: =Y$2 -> 68

Sheet Model_FE
A1: Month Name | B1: Sprint No | C1: Sprint No | D1: Sprint | E1: Start | F1: Stop | G1: Working days | H1: Devs (FTE) | I1: Original Scope | J1: Backlog Scope | K1: Delivered Scope [Total] | L1: P15 Trendline | M1: P50 Trendline | N1: Pessimistic Original Plan | O1: Optimal Original Plan | P1: Velo Pessimistic per sprint/dev | Q1: Velocity Optimal per Sprint/dev | R1: Pessimistic Plan per Sprint | S1: Optimal Plan per Sprint | T1: Trend per Sprint (p15) | U1: Trend per Sprint (p50) | V1: Delivered Scope per Sprint | X1: P15 | Y1: P50 | AA1: Velo Pes - per day/dev | AB1: Velo Op - per day/dev | AC1: Div Scope | AD1: Additional days to cover
A2: =TEXT(E2,"[$-409]MMM") -> Nov | B2: 1 | C2: 03.11-16.11 | D2: =$D$1&" "&B2 -> Sprint 1 | E2: =Model_BE!E2 -> 2025-11-03 | F2: =E2+13 -> 2025-11-16 | G2: 9 | H2: 1.5 | I2: 400 | J2: 400 | K2: =V2 -> 55 | N2: =R2 -> 47.25 | O2: =S2 -> 60.75 | P2: =$AA$2*G2 -> 31.5 | Q2: =$AB$2*G2 -> 40.5 | R2: =P2*H2 -> 47.25 | S2: =Q2*H2 -> 60.75 | T2: =X$2 -> 53 | U2: =Y$2 -> 55 | V2: 55 | X2: {=_xlfn.PERCENTILE.INC(_xlfn.TAKE(_xlfn._xlws.FILTER(V:V, V:V<>""), -5), 0.15)} -> 53 | Y2: {=_xlfn.PERCENTILE.INC(_xlfn.TAKE(_xlfn._xlws.FILTER(V:V, V:V<>""), -5), 0.5)} -> 55 | AA2: 3.5 | AB2: 4.5 | AC2: =J12-I12 -> 20 | AD2: =(AC2/X2)*10 -> 3.7735849
A3: =TEXT(E3,"[$-409]MMM") -> Nov | B3: 2 | C3: 17.11-30.11 | D3: =$D$1&" "&B3 -> Sprint 2 | E3: =F2+1 -> 2025-11-17 | F3: =E3+13 -> 2025-11-30 | G3: 10 | H3: 1.5 | I3: 400 | J3: 400 | K3: =K2+V3 -> 115 | N3: =N2+R3 -> 99.75 | O3: =O2+S3 -> 128.25 | P3: =$AA$2*G3 -> 35 | Q3: =$AB$2*G3 -> 45 | R3: =P3*H3 -> 52.5 | S3: =Q3*H3 -> 67.5 | T3: =X$2 -> 53 | U3: =Y$2 -> 55 | V3: 60 | AA3: 35h x 1 dev/sprint | AB3: 45h x 1 dev/sprint
A4: =TEXT(E4,"[$-409]MMM") -> Dec | B4: 3 | C4: 01.12-14.12 | D4: =$D$1&" "&B4 -> Sprint 3 | E4: =F3+1 -> 2025-12-01 | F4: =E4+13 -> 2025-12-14 | G4: 10 | H4: 1.5 | I4: 400 | J4: 420 | K4: =K3+V4 -> 179 | N4: =N3+R4 -> 152.25 | O4: =O3+S4 -> 195.75 | P4: =$AA$2*G4 -> 35 | Q4: =$AB$2*G4 -> 45 | R4: =P4*H4 -> 52.5 | S4: =Q4*H4 -> 67.5 | T4: =X$2 -> 53 | U4: =Y$2 -> 55 | V4: 64
A5: =TEXT(E5,"[$-409]MMM") -> Dec | B5: 4 | C5: 15.12-28.12 | D5: =$D$1&" "&B5 -> Sprint 4 | E5: =F4+1 -> 2025-12-15 | F5: =E5+13 -> 2025-12-28 | G5: 7 | H5: 1.5 | I5: 400 | J5: 420 | K5: =K4+V5 -> 229 | N5: =N4+R5 -> 189 | O5: =O4+S5 -> 243 | P5: =$AA$2*G5 -> 24.5 | Q5: =$AB$2*G5 -> 31.5 | R5: =P5*H5 -> 36.75 | S5: =Q5*H5 -> 47.25 | T5: =X$2 -> 53 | U5: =Y$2 -> 55 | V5: 50
A6: =TEXT(E6,"[$-409]MMM") -> Dec | B6: 5 | C6: 29.12-11.01 | D6: =$D$1&" "&B6 -> Sprint 5 | E6: =F5+1 -> 2025-12-29 | F6: =E6+13 -> 2026-01-11 | G6: 7 | H6: 1.5 | I6: 400 | J6: 420 | K6: =K5+V6 -> 284 | L6: =K6 -> 284 | M6: =K6 -> 284 | N6: =N5+R6 -> 225.75 | O6: =O5+S6 -> 290.25 | P6: =$AA$2*G6 -> 24.5 | Q6: =$AB$2*G6 -> 31.5 | R6: =P6*H6 -> 36.75 | S6: =Q6*H6 -> 47.25 | T6: =X$2 -> 53 | U6: =Y$2 -> 55 | V6: 55
A7: =TEXT(E7,"[$-409]MMM") -> Jan | B7: 6 | C7: 12.01-25.01 | D7: =$D$1&" "&B7 -> Sprint 6 | E7: =F6+1 -> 2026-01-12 | F7: =E7+13 -> 2026-01-25 | G7: 10 | H7: 1.5 | I7: 400 | J7: 420 | L7: =L6+T7 -> 337 | M7: =M6+U7 -> 339 | N7: =N6+R7 -> 278.25 | O7: =O6+S7 -> 357.75 | P7: =$AA$2*G7 -> 35 | Q7: =$AB$2*G7 -> 45 | R7: =P7*H7 -> 52.5 | S7: =Q7*H7 -> 67.5 | T7: =X$2 -> 53 | U7: =Y$2 -> 55
A8: =TEXT(E8,"[$-409]MMM") -> Jan | B8: 7 | C8: 26.01-08.02 | D8: =$D$1&" "&B8 -> Sprint 7 | E8: =F7+1 -> 2026-01-26 | F8: =E8+13 -> 2026-02-08 | G8: 10 | H8: 1.5 | I8: 400 | J8: 420 | L8: =L7+T8 -> 390 | M8: =M7+U8 -> 394 | N8: =N7+R8 -> 330.75 | O8: =O7+S8 -> 425.25 | P8: =$AA$2*G8 -> 35 | Q8: =$AB$2*G8 -> 45 | R8: =P8*H8 -> 52.5 | S8: =Q8*H8 -> 67.5 | T8: =X$2 -> 53 | U8: =Y$2 -> 55
A9: =TEXT(E9,"[$-409]MMM") -> Feb | B9: 8 | C9: 09.02-22.02 | D9: =$D$1&" "&B9 -> Sprint 8 | E9: =F8+1 -> 2026-02-09 | F9: =E9+13 -> 2026-02-22 | G9: 10 | H9: 1.5 | I9: 400 | J9: 420 | L9: =L8+T9 -> 443 | M9: =M8+U9 -> 449 | N9: =N8+R9 -> 383.25 | O9: =O8+S9 -> 492.75 | P9: =$AA$2*G9 -> 35 | Q9: =$AB$2*G9 -> 45 | R9: =P9*H9 -> 52.5 | S9: =Q9*H9 -> 67.5 | T9: =X$2 -> 53 | U9: =Y$2 -> 55
A10: =TEXT(E10,"[$-409]MMM") -> Feb | B10: 9 | C10: 23.02-08.03 | D10: =$D$1&" "&B10 -> Sprint 9 | E10: =F9+1 -> 2026-02-23 | F10: =E10+13 -> 2026-03-08 | G10: 10 | H10: 1.5 | I10: 400 | J10: 420 | L10: =L9+T10 -> 496 | M10: =M9+U10 -> 504 | N10: =N9+R10 -> 435.75 | O10: =O9+S10 -> 560.25 | P10: =$AA$2*G10 -> 35 | Q10: =$AB$2*G10 -> 45 | R10: =P10*H10 -> 52.5 | S10: =Q10*H10 -> 67.5 | T10: =X$2 -> 53 | U10: =Y$2 -> 55
A11: =TEXT(E11,"[$-409]MMM") -> Mar | B11: 10 | C11: 08.03-21.03 | D11: =$D$1&" "&B11 -> Sprint 10 | E11: =F10+1 -> 2026-03-09 | F11: =E11+13 -> 2026-03-22 | G11: 10 | H11: 1.5 | I11: 400 | J11: 420 | L11: =L10+T11 -> 549 | M11: =M10+U11 -> 559 | N11: =N10+R11 -> 488.25 | O11: =O10+S11 -> 627.75 | P11: =$AA$2*G11 -> 35 | Q11: =$AB$2*G11 -> 45 | R11: =P11*H11 -> 52.5 | S11: =Q11*H11 -> 67.5 | T11: =X$2 -> 53 | U11: =Y$2 -> 55
A12: =TEXT(E12,"[$-409]MMM") -> Mar | B12: 11 | C12: 21.03-03.04 | D12: =$D$1&" "&B12 -> Sprint 11 | E12: =F11+1 -> 2026-03-23 | F12: =E12+13 -> 2026-04-05 | G12: 10 | H12: 1.5 | I12: 400 | J12: 420 | L12: =L11+T12 -> 602 | M12: =M11+U12 -> 614 | N12: =N11+R12 -> 540.75 | O12: =O11+S12 -> 695.25 | P12: =$AA$2*G12 -> 35 | Q12: =$AB$2*G12 -> 45 | R12: =P12*H12 -> 52.5 | S12: =Q12*H12 -> 67.5 | T12: =X$2 -> 53 | U12: =Y$2 -> 55
