Workbook

Sheet Summary
B2: XYZ
C6: Evaluation of the last 3 sprints
C26: M2 TEAM RESULTS / LAST 20 SPRINTS
C63: TEAM COMPARISON

Sheet Results
A1: Sprint 22 | K1: Scales
B2: Completed scope | C2: Scope vs Team (h) | D2: Fokus rate | E2: Capacity | F2: Timeout of the task | G2: Team's NPS | H2: Score | K2: Completed scope | L2: Scope vs Team (h) | M2: Fokus rate | N2: Capacity | O2: Timeout of the task | P2: Team's NPS
A3: Scale | B3: =$K$3 -> 1.2 | C3: =$L$3 -> 1.2 | D3: =$M$3 -> 1.8 | E3: =$N$3 -> 1 | F3: =$O$3 -> 0.6 | G3: =$P$3 -> 0.8 | K3: 1.2 | L3: 1.2 | M3: 1.8 | N3: 1 | O3: 0.6 | P3: 0.8
A4: Marek | B4: =VLOOKUP(Model!D3,Results!$K$8:$L$18,2,1) -> 9 | C4: =VLOOKUP(Model!E3,Results!$N$8:$O$18,2,1) -> 10 | D4: =VLOOKUP(Model!G3,Results!$Q$8:$R$18,2,1) -> 9 | E4: =VLOOKUP(Model!I3,Results!$T$8:$U$18,2,1) -> 9 | G4: 7 | H4: =SUMPRODUCT(B4:G4,$B$3:$G$3)/SUM($B$3:$G$3) -> 8.1212121
A5: Gracjan | B5: =VLOOKUP(Model!D20,Results!$K$8:$L$18,2,1) -> 1 | C5: =VLOOKUP(Model!E20,Results!$N$8:$O$18,2,1) -> 4 | D5: =VLOOKUP(Model!G20,Results!$Q$8:$R$18,2,1) -> 1 | E5: =VLOOKUP(Model!I20,Results!$T$8:$U$18,2,1) -> 10 | G5: 7 | H5: =SUMPRODUCT(B5:G5,$B$3:$G$3)/SUM($B$3:$G$3) -> 3.5454545
A6: Tomek | B6: =VLOOKUP(Model!D86,Results!$K$8:$L$18,2,1) -> 1 | C6: =VLOOKUP(Model!E86,Results!$N$8:$O$18,2,1) -> 1 | D6: =VLOOKUP(Model!G86,Results!$Q$8:$R$18,2,1) -> 1 | E6: =VLOOKUP(Model!I86,Results!$T$8:$U$18,2,1) -> 1 | G6: 7 | H6: =SUMPRODUCT(B6:G6,$B$3:$G$3)/SUM($B$3:$G$3) -> 1.6363636
A7: Paweł | B7: =VLOOKUP(Model!D53,Results!$K$8:$L$18,2,1) -> 1 | C7: =VLOOKUP(Model!E53,Results!$N$8:$O$18,2,1) -> 8 | D7: =VLOOKUP(Model!G53,Results!$Q$8:$R$18,2,1) -> 1 | E7: =VLOOKUP(Model!I53,Results!$T$8:$U$18,2,1) -> 7 | G7: 7 | H7: =SUMPRODUCT(B7:G7,$B$3:$G$3)/SUM($B$3:$G$3) -> 3.8181818 | K7: Points range
A8: Piotr | B8: =VLOOKUP(Model!D119,Results!$K$8:$L$18,2,1) -> 7 | C8: =VLOOKUP(Model!E119,Results!$N$8:$O$18,2,1) -> 4 | D8: =VLOOKUP(Model!G119,Results!$Q$8:$R$18,2,1) -> 6 | E8: =VLOOKUP(Model!I119,Results!$T$8:$U$18,2,1) -> 10 | G8: 7 | H8: =SUMPRODUCT(B8:G8,$B$3:$G$3)/SUM($B$3:$G$3) -> 6 | K8: Completed scope | N8: Scope vs Team (h) | Q8: Fokus rate | T8: Capacity | W8: Timeout of the task | Z8: Team's NPS
K9: 0 | L9: 1 | N9: 0 | O9: 1 | Q9: 0 | R9: 1 | T9: 0 | U9: 1 | W9: 0.9 | X9: 1 | Z9: 1 | AA9: 1
A10: Sprint 23 | K10: 0.2 | L10: 2 | N10: 0.3 | O10: 2 | Q10: 0.2 | R10: 2 | T10: 0.2 | U10: 2 | W10: 0.7 | X10: 2 | Z10: 2 | AA10: 2
B11: Completed scope | C11: Scope vs Team (h) | D11: Fokus rate | E11: Capacity | F11: Timeout of the task | G11: Team's NPS | H11: Score | K11: 0.3 | L11: 3 | N11: 0.4 | O11: 3 | Q11: 0.3 | R11: 3 | T11: 0.3 | U11: 3 | W11: 0.5 | X11: 3 | Z11: 3 | AA11: 3
A12: Waga | B12: =$K$3 -> 1.2 | C12: =$L$3 -> 1.2 | D12: =$M$3 -> 1.8 | E12: =$N$3 -> 1 | F12: =$O$3 -> 0.6 | G12: =$P$3 -> 0.8 | K12: 0.4 | L12: 4 | N12: 0.5 | O12: 4 | Q12: 0.4 | R12: 4 | T12: 0.4 | U12: 4 | W12: 0.4 | X12: 4 | Z12: 4 | AA12: 4
A13: Marek | B13: =VLOOKUP(Model!D4,Results!$K$8:$L$18,2,1) -> 7 | C13: =VLOOKUP(Model!E4,Results!$N$8:$O$18,2,1) -> 6 | D13: =VLOOKUP(Model!G4,Results!$Q$8:$R$18,2,1) -> 2 | E13: =VLOOKUP(Model!I4,Results!$T$8:$U$18,2,1) -> 8 | G13: 7 | H13: =SUMPRODUCT(B13:G13,$B$3:$G$3)/SUM($B$3:$G$3) -> 4.969697 | K13: 0.5 | L13: 5 | N13: 0.6 | O13: 5 | Q13: 0.5 | R13: 5 | T13: 0.5 | U13: 5 | W13: 0.3 | X13: 5 | Z13: 5 | AA13: 5
A14: Gracjan | B14: =VLOOKUP(Model!D21,Results!$K$8:$L$18,2,1) -> 1 | C14: =VLOOKUP(Model!E21,Results!$N$8:$O$18,2,1) -> 9 | D14: =VLOOKUP(Model!G21,Results!$Q$8:$R$18,2,1) -> 1 | E14: =VLOOKUP(Model!I21,Results!$T$8:$U$18,2,1) -> 10 | G14: 7 | H14: =SUMPRODUCT(B14:G14,$B$3:$G$3)/SUM($B$3:$G$3) -> 4.4545455 | K14: 0.6 | L14: 6 | N14: 0.7 | O14: 6 | Q14: 0.6 | R14: 6 | T14: 0.6 | U14: 6 | W14: 0.2 | X14: 6 | Z14: 6 | AA14: 6
A15: Tomek | B15: =VLOOKUP(Model!D87,Results!$K$8:$L$18,2,1) -> 1 | C15: =VLOOKUP(Model!E87,Results!$N$8:$O$18,2,1) -> 1 | D15: =VLOOKUP(Model!G87,Results!$Q$8:$R$18,2,1) -> 1 | E15: =VLOOKUP(Model!I87,Results!$T$8:$U$18,2,1) -> 1 | G15: 7 | H15: =SUMPRODUCT(B15:G15,$B$3:$G$3)/SUM($B$3:$G$3) -> 1.6363636 | K15: 0.7 | L15: 7 | N15: 0.8 | O15: 7 | Q15: 0.7 | R15: 7 | T15: 0.7 | U15: 7 | W15: 0.15 | X15: 7 | Z15: 7 | AA15: 7
A16: Paweł | B16: =VLOOKUP(Model!D54,Results!$K$8:$L$18,2,1) -> 1 | C16: =VLOOKUP(Model!E54,Results!$N$8:$O$18,2,1) -> 10 | D16: =VLOOKUP(Model!G54,Results!$Q$8:$R$18,2,1) -> 1 | E16: =VLOOKUP(Model!I54,Results!$T$8:$U$18,2,1) -> 7 | G16: 7 | H16: =SUMPRODUCT(B16:G16,$B$3:$G$3)/SUM($B$3:$G$3) -> 4.1818182 | K16: 0.8 | L16: 8 | N16: 0.9 | O16: 8 | Q16: 0.8 | R16: 8 | T16: 0.8 | U16: 8 | W16: 0.07 | X16: 8 | Z16: 8 | AA16: 8
A17: Piotr | B17: =VLOOKUP(Model!D120,Results!$K$8:$L$18,2,1) -> 6 | C17: =VLOOKUP(Model!E120,Results!$N$8:$O$18,2,1) -> 5 | D17: =VLOOKUP(Model!G120,Results!$Q$8:$R$18,2,1) -> 5 | E17: =VLOOKUP(Model!I120,Results!$T$8:$U$18,2,1) -> 8 | G17: 7 | H17: =SUMPRODUCT(B17:G17,$B$3:$G$3)/SUM($B$3:$G$3) -> 5.4242424 | K17: 0.9 | L17: 9 | N17: 1 | O17: 9 | Q17: 0.9 | R17: 9 | T17: 0.9 | U17: 9 | W17: 0 | X17: 9 | Z17: 9 | AA17: 9
K18: 1 | L18: 10 | N18: 1.2 | O18: 10 | Q18: 1 | R18: 10 | T18: 1 | U18: 10 | W18: -0.1 | X18: 10 | Z18: 10 | AA18: 10
A19: Sprint 24
B20: Completed scope | C20: Scope vs Team (h) | D20: Fokus rate | E20: Capacity | F20: Timeout of the task | G20: Team's NPS | H20: Score
A21: Waga | B21: =$K$3 -> 1.2 | C21: =$L$3 -> 1.2 | D21: =$M$3 -> 1.8 | E21: =$N$3 -> 1 | F21: =$O$3 -> 0.6 | G21: =$P$3 -> 0.8
A22: Marek | B22: =VLOOKUP(Model!D5,Results!$K$8:$L$18,2,1) -> 5 | C22: =VLOOKUP(Model!E5,Results!$N$8:$O$18,2,1) -> 8 | D22: =VLOOKUP(Model!G5,Results!$Q$8:$R$18,2,1) -> 6 | E22: =VLOOKUP(Model!I5,Results!$T$8:$U$18,2,1) -> 8 | G22: 7 | H22: =SUMPRODUCT(B22:G22,$B$3:$G$3)/SUM($B$3:$G$3) -> 6.0606061
A23: Gracjan | B23: =VLOOKUP(Model!D22,Results!$K$8:$L$18,2,1) -> 1 | C23: =VLOOKUP(Model!E22,Results!$N$8:$O$18,2,1) -> 10 | D23: =VLOOKUP(Model!G22,Results!$Q$8:$R$18,2,1) -> 1 | E23: =VLOOKUP(Model!I22,Results!$T$8:$U$18,2,1) -> 8 | G23: 7 | H23: =SUMPRODUCT(B23:G23,$B$3:$G$3)/SUM($B$3:$G$3) -> 4.3333333
A24: Tomek | B24: =VLOOKUP(Model!D88,Results!$K$8:$L$18,2,1) -> 1 | C24: =VLOOKUP(Model!E88,Results!$N$8:$O$18,2,1) -> 1 | D24: =VLOOKUP(Model!G88,Results!$Q$8:$R$18,2,1) -> 1 | E24: =VLOOKUP(Model!I88,Results!$T$8:$U$18,2,1) -> 1 | G24: 7 | H24: =SUMPRODUCT(B24:G24,$B$3:$G$3)/SUM($B$3:$G$3) -> 1.6363636
A25: Paweł | B25: =VLOOKUP(Model!D55,Results!$K$8:$L$18,2,1) -> 1 | C25: =VLOOKUP(Model!E55,Results!$N$8:$O$18,2,1) -> 6 | D25: =VLOOKUP(Model!G55,Results!$Q$8:$R$18,2,1) -> 1 | E25: =VLOOKUP(Model!I55,Results!$T$8:$U$18,2,1) -> 6 | G25: 7 | H25: =SUMPRODUCT(B25:G25,$B$3:$G$3)/SUM($B$3:$G$3) -> 3.3030303
A26: Piotr | B26: =VLOOKUP(Model!D121,Results!$K$8:$L$18,2,1) -> 10 | C26: =VLOOKUP(Model!E121,Results!$N$8:$O$18,2,1) -> 5 | D26: =VLOOKUP(Model!G121,Results!$Q$8:$R$18,2,1) -> 10 | E26: =VLOOKUP(Model!I121,Results!$T$8:$U$18,2,1) -> 7 | G26: 7 | H26: =SUMPRODUCT(B26:G26,$B$3:$G$3)/SUM($B$3:$G$3) -> 7.3636364
A28: Sprint 25
B29: Completed scope | C29: Scope vs Team (h) | D29: Fokus rate | E29: Capacity | F29: Timeout of the task | G29: Team's NPS | H29: Score
A30: Waga | B30: =$K$3 -> 1.2 | C30: =$L$3 -> 1.2 | D30: =$M$3 -> 1.8 | E30: =$N$3 -> 1 | F30: =$O$3 -> 0.6 | G30: =$P$3 -> 0.8
A31: Marek | B31: =VLOOKUP(Model!D6,Results!$K$8:$L$18,2,1) -> 5 | C31: =VLOOKUP(Model!E6,Results!$N$8:$O$18,2,1) -> 10 | D31: =VLOOKUP(Model!G6,Results!$Q$8:$R$18,2,1) -> 7 | E31: =VLOOKUP(Model!I6,Results!$T$8:$U$18,2,1) -> 7 | G31: 7 | H31: =SUMPRODUCT(B31:G31,$B$3:$G$3)/SUM($B$3:$G$3) -> 6.5454545
A32: Gracjan | B32: =VLOOKUP(Model!D23,Results!$K$8:$L$18,2,1) -> 1 | C32: =VLOOKUP(Model!E23,Results!$N$8:$O$18,2,1) -> 10 | D32: =VLOOKUP(Model!G23,Results!$Q$8:$R$18,2,1) -> 1 | E32: =VLOOKUP(Model!I23,Results!$T$8:$U$18,2,1) -> 8 | G32: 7 | H32: =SUMPRODUCT(B32:G32,$B$3:$G$3)/SUM($B$3:$G$3) -> 4.3333333
A33: Tomek | B33: =VLOOKUP(Model!D89,Results!$K$8:$L$18,2,1) -> 1 | C33: =VLOOKUP(Model!E89,Results!$N$8:$O$18,2,1) -> 1 | D33: =VLOOKUP(Model!G89,Results!$Q$8:$R$18,2,1) -> 1 | E33: =VLOOKUP(Model!I89,Results!$T$8:$U$18,2,1) -> 1 | G33: 7 | H33: =SUMPRODUCT(B33:G33,$B$3:$G$3)/SUM($B$3:$G$3) -> 1.6363636
A34: Paweł | B34: =VLOOKUP(Model!D56,Results!$K$8:$L$18,2,1) -> 1 | C34: =VLOOKUP(Model!E56,Results!$N$8:$O$18,2,1) -> 1 | D34: =VLOOKUP(Model!G56,Results!$Q$8:$R$18,2,1) -> 1 | E34: =VLOOKUP(Model!I56,Results!$T$8:$U$18,2,1) -> 9 | G34: 7 | H34: =SUMPRODUCT(B34:G34,$B$3:$G$3)/SUM($B$3:$G$3) -> 2.8484848
A35: Piotr | B35: =VLOOKUP(Model!D122,Results!$K$8:$L$18,2,1) -> 2 | C35: =VLOOKUP(Model!E122,Results!$N$8:$O$18,2,1) -> 1 | D35: =VLOOKUP(Model!G122,Results!$Q$8:$R$18,2,1) -> 5 | E35: =VLOOKUP(Model!I122,Results!$T$8:$U$18,2,1) -> 3 | G35: 7 | H35: =SUMPRODUCT(B35:G35,$B$3:$G$3)/SUM($B$3:$G$3) -> 3.2121212
A37: Sprint 26
B38: Completed scope | C38: Scope vs Team (h) | D38: Fokus rate | E38: Capacity | F38: Timeout of the task | G38: Team's NPS | H38: Score
A39: Waga | B39: =$K$3 -> 1.2 | C39: =$L$3 -> 1.2 | D39: =$M$3 -> 1.8 | E39: =$N$3 -> 1 | F39: =$O$3 -> 0.6 | G39: =$P$3 -> 0.8
A40: Marek | B40: =VLOOKUP(Model!D7,Results!$K$8:$L$18,2,1) -> 8 | C40: =VLOOKUP(Model!E7,Results!$N$8:$O$18,2,1) -> 8 | D40: =VLOOKUP(Model!G7,Results!$Q$8:$R$18,2,1) -> 7 | E40: =VLOOKUP(Model!I7,Results!$T$8:$U$18,2,1) -> 9 | G40: 7 | H40: =SUMPRODUCT(B40:G40,$B$3:$G$3)/SUM($B$3:$G$3) -> 7.030303
A41: Gracjan | B41: =VLOOKUP(Model!D24,Results!$K$8:$L$18,2,1) -> 1 | C41: =VLOOKUP(Model!E24,Results!$N$8:$O$18,2,1) -> 9 | D41: =VLOOKUP(Model!G24,Results!$Q$8:$R$18,2,1) -> 1 | E41: =VLOOKUP(Model!I24,Results!$T$8:$U$18,2,1) -> 10 | G41: 7 | H41: =SUMPRODUCT(B41:G41,$B$3:$G$3)/SUM($B$3:$G$3) -> 4.4545455
A42: Tomek | B42: =VLOOKUP(Model!D90,Results!$K$8:$L$18,2,1) -> 1 | C42: =VLOOKUP(Model!E90,Results!$N$8:$O$18,2,1) -> 1 | D42: =VLOOKUP(Model!G90,Results!$Q$8:$R$18,2,1) -> 1 | E42: =VLOOKUP(Model!I90,Results!$T$8:$U$18,2,1) -> 1 | G42: 7 | H42: =SUMPRODUCT(B42:G42,$B$3:$G$3)/SUM($B$3:$G$3) -> 1.6363636
A43: Paweł | B43: =VLOOKUP(Model!D57,Results!$K$8:$L$18,2,1) -> 1 | C43: =VLOOKUP(Model!E57,Results!$N$8:$O$18,2,1) -> 7 | D43: =VLOOKUP(Model!G57,Results!$Q$8:$R$18,2,1) -> 1 | E43: =VLOOKUP(Model!I57,Results!$T$8:$U$18,2,1) -> 7 | G43: 7 | H43: =SUMPRODUCT(B43:G43,$B$3:$G$3)/SUM($B$3:$G$3) -> 3.6363636
A44: Piotr | B44: =VLOOKUP(Model!D123,Results!$K$8:$L$18,2,1) -> 2 | C44: =VLOOKUP(Model!E123,Results!$N$8:$O$18,2,1) -> 1 | D44: =VLOOKUP(Model!G123,Results!$Q$8:$R$18,2,1) -> 2 | E44: =VLOOKUP(Model!I123,Results!$T$8:$U$18,2,1) -> 10 | G44: 7 | H44: =SUMPRODUCT(B44:G44,$B$3:$G$3)/SUM($B$3:$G$3) -> 3.4545455
A46: Sprint 27
B47: Completed scope | C47: Scope vs Team (h) | D47: Fokus rate | E47: Capacity | F47: Timeout of the task | G47: Team's NPS | H47: Score
A48: Waga | B48: =$K$3 -> 1.2 | C48: =$L$3 -> 1.2 | D48: =$M$3 -> 1.8 | E48: =$N$3 -> 1 | F48: =$O$3 -> 0.6 | G48: =$P$3 -> 0.8
A49: Marek | B49: =VLOOKUP(Model!D8,Results!$K$8:$L$18,2,1) -> 8 | C49: =VLOOKUP(Model!E8,Results!$N$8:$O$18,2,1) -> 9 | D49: =VLOOKUP(Model!G8,Results!$Q$8:$R$18,2,1) -> 10 | E49: =VLOOKUP(Model!I8,Results!$T$8:$U$18,2,1) -> 10 | G49: 7 | H49: =SUMPRODUCT(B49:G49,$B$3:$G$3)/SUM($B$3:$G$3) -> 8.1818182
A50: Gracjan | B50: =VLOOKUP(Model!D25,Results!$K$8:$L$18,2,1) -> 1 | C50: =VLOOKUP(Model!E25,Results!$N$8:$O$18,2,1) -> 7 | D50: =VLOOKUP(Model!G25,Results!$Q$8:$R$18,2,1) -> 1 | E50: =VLOOKUP(Model!I25,Results!$T$8:$U$18,2,1) -> 10 | G50: 7 | H50: =SUMPRODUCT(B50:G50,$B$3:$G$3)/SUM($B$3:$G$3) -> 4.0909091
A51: Tomek | B51: =VLOOKUP(Model!D91,Results!$K$8:$L$18,2,1) -> 1 | C51: =VLOOKUP(Model!E91,Results!$N$8:$O$18,2,1) -> 1 | D51: =VLOOKUP(Model!G91,Results!$Q$8:$R$18,2,1) -> 1 | E51: =VLOOKUP(Model!I91,Results!$T$8:$U$18,2,1) -> 1 | G51: 7 | H51: =SUMPRODUCT(B51:G51,$B$3:$G$3)/SUM($B$3:$G$3) -> 1.6363636
A52: Paweł | B52: =VLOOKUP(Model!D58,Results!$K$8:$L$18,2,1) -> 1 | C52: =VLOOKUP(Model!E58,Results!$N$8:$O$18,2,1) -> 8 | D52: =VLOOKUP(Model!G58,Results!$Q$8:$R$18,2,1) -> 1 | E52: =VLOOKUP(Model!I58,Results!$T$8:$U$18,2,1) -> 9 | G52: 7 | H52: =SUMPRODUCT(B52:G52,$B$3:$G$3)/SUM($B$3:$G$3) -> 4.1212121
A53: Piotr | B53: =VLOOKUP(Model!D124,Results!$K$8:$L$18,2,1) -> 8 | C53: =VLOOKUP(Model!E124,Results!$N$8:$O$18,2,1) -> 7 | D53: =VLOOKUP(Model!G124,Results!$Q$8:$R$18,2,1) -> 10 | E53: =VLOOKUP(Model!I124,Results!$T$8:$U$18,2,1) -> 10 | G53: 7 | H53: =SUMPRODUCT(B53:G53,$B$3:$G$3)/SUM($B$3:$G$3) -> 7.8181818
A55: Sprint 28
B56: Completed scope | C56: Scope vs Team (h) | D56: Fokus rate | E56: Capacity | F56: Timeout of the task | G56: Team's NPS | H56: Score
A57: Waga | B57: =$K$3 -> 1.2 | C57: =$L$3 -> 1.2 | D57: =$M$3 -> 1.8 | E57: =$N$3 -> 1 | F57: =$O$3 -> 0.6 | G57: =$P$3 -> 0.8
A58: Marek | B58: =VLOOKUP(Model!D9,Results!$K$8:$L$18,2,1) -> 10 | C58: =VLOOKUP(Model!E9,Results!$N$8:$O$18,2,1) -> 10 | D58: =VLOOKUP(Model!G9,Results!$Q$8:$R$18,2,1) -> 10 | E58: =VLOOKUP(Model!I9,Results!$T$8:$U$18,2,1) -> 9 | G58: 7 | H58: =SUMPRODUCT(B58:G58,$B$3:$G$3)/SUM($B$3:$G$3) -> 8.5757576
A59: Gracjan | B59: =VLOOKUP(Model!D26,Results!$K$8:$L$18,2,1) -> 1 | C59: =VLOOKUP(Model!E26,Results!$N$8:$O$18,2,1) -> 9 | D59: =VLOOKUP(Model!G26,Results!$Q$8:$R$18,2,1) -> 1 | E59: =VLOOKUP(Model!I26,Results!$T$8:$U$18,2,1) -> 10 | G59: 7 | H59: =SUMPRODUCT(B59:G59,$B$3:$G$3)/SUM($B$3:$G$3) -> 4.4545455
A60: Tomek | B60: =VLOOKUP(Model!D92,Results!$K$8:$L$18,2,1) -> 1 | C60: =VLOOKUP(Model!E92,Results!$N$8:$O$18,2,1) -> 1 | D60: =VLOOKUP(Model!G92,Results!$Q$8:$R$18,2,1) -> 1 | E60: =VLOOKUP(Model!I92,Results!$T$8:$U$18,2,1) -> 1 | G60: 7 | H60: =SUMPRODUCT(B60:G60,$B$3:$G$3)/SUM($B$3:$G$3) -> 1.6363636
A61: Paweł | B61: =VLOOKUP(Model!D59,Results!$K$8:$L$18,2,1) -> 1 | C61: =VLOOKUP(Model!E59,Results!$N$8:$O$18,2,1) -> 6 | D61: =VLOOKUP(Model!G59,Results!$Q$8:$R$18,2,1) -> 1 | E61: =VLOOKUP(Model!I59,Results!$T$8:$U$18,2,1) -> 8 | G61: 7 | H61: =SUMPRODUCT(B61:G61,$B$3:$G$3)/SUM($B$3:$G$3) -> 3.6060606
A62: Piotr | B62: =VLOOKUP(Model!D125,Results!$K$8:$L$18,2,1) -> 10 | C62: =VLOOKUP(Model!E125,Results!$N$8:$O$18,2,1) -> 5 | D62: =VLOOKUP(Model!G125,Results!$Q$8:$R$18,2,1) -> 10 | E62: =VLOOKUP(Model!I125,Results!$T$8:$U$18,2,1) -> 10 | G62: 7 | H62: =SUMPRODUCT(B62:G62,$B$3:$G$3)/SUM($B$3:$G$3) -> 7.8181818
A64: Sprint 29
B65: Completed scope | C65: Scope vs Team (h) | D65: Fokus rate | E65: Capacity | F65: Timeout of the task | G65: Team's NPS | H65: Score
A66: Waga | B66: =$K$3 -> 1.2 | C66: =$L$3 -> 1.2 | D66: =$M$3 -> 1.8 | E66: =$N$3 -> 1 | F66: =$O$3 -> 0.6 | G66: =$P$3 -> 0.8
A67: Marek | B67: =VLOOKUP(Model!D10,Results!$K$8:$L$18,2,1) -> 8 | C67: =VLOOKUP(Model!E10,Results!$N$8:$O$18,2,1) -> 10 | D67: =VLOOKUP(Model!G10,Results!$Q$8:$R$18,2,1) -> 6 | E67: =VLOOKUP(Model!I10,Results!$T$8:$U$18,2,1) -> 10 | G67: 7 | H67: =SUMPRODUCT(B67:G67,$B$3:$G$3)/SUM($B$3:$G$3) -> 7.2727273
A68: Gracjan | B68: =VLOOKUP(Model!D27,Results!$K$8:$L$18,2,1) -> 1 | C68: =VLOOKUP(Model!E27,Results!$N$8:$O$18,2,1) -> 7 | D68: =VLOOKUP(Model!G27,Results!$Q$8:$R$18,2,1) -> 1 | E68: =VLOOKUP(Model!I27,Results!$T$8:$U$18,2,1) -> 10 | G68: 7 | H68: =SUMPRODUCT(B68:G68,$B$3:$G$3)/SUM($B$3:$G$3) -> 4.0909091
A69: Tomek | B69: =VLOOKUP(Model!D93,Results!$K$8:$L$18,2,1) -> 1 | C69: =VLOOKUP(Model!E93,Results!$N$8:$O$18,2,1) -> 1 | D69: =VLOOKUP(Model!G93,Results!$Q$8:$R$18,2,1) -> 1 | E69: =VLOOKUP(Model!I93,Results!$T$8:$U$18,2,1) -> 1 | G69: 7 | H69: =SUMPRODUCT(B69:G69,$B$3:$G$3)/SUM($B$3:$G$3) -> 1.6363636
A70: Paweł | B70: =VLOOKUP(Model!D60,Results!$K$8:$L$18,2,1) -> 1 | C70: =VLOOKUP(Model!E60,Results!$N$8:$O$18,2,1) -> 8 | D70: =VLOOKUP(Model!G60,Results!$Q$8:$R$18,2,1) -> 1 | E70: =VLOOKUP(Model!I60,Results!$T$8:$U$18,2,1) -> 10 | G70: 7 | H70: =SUMPRODUCT(B70:G70,$B$3:$G$3)/SUM($B$3:$G$3) -> 4.2727273
A71: Piotr | B71: =VLOOKUP(Model!D126,Results!$K$8:$L$18,2,1) -> 6 | C71: =VLOOKUP(Model!E126,Results!$N$8:$O$18,2,1) -> 4 | D71: =VLOOKUP(Model!G126,Results!$Q$8:$R$18,2,1) -> 7 | E71: =VLOOKUP(Model!I126,Results!$T$8:$U$18,2,1) -> 8 | G71: 7 | H71: =SUMPRODUCT(B71:G71,$B$3:$G$3)/SUM($B$3:$G$3) -> 5.7878788
A73: Sprint 30
B74: Completed scope | C74: Scope vs Team (h) | D74: Fokus rate | E74: Capacity | F74: Timeout of the task | G74: Team's NPS | H74: Score
A75: Waga | B75: =$K$3 -> 1.2 | C75: =$L$3 -> 1.2 | D75: =$M$3 -> 1.8 | E75: =$N$3 -> 1 | F75: =$O$3 -> 0.6 | G75: =$P$3 -> 0.8
A76: Marek | B76: =VLOOKUP(Model!D11,Results!$K$8:$L$18,2,1) -> 10 | C76: =VLOOKUP(Model!E11,Results!$N$8:$O$18,2,1) -> 7 | D76: =VLOOKUP(Model!G11,Results!$Q$8:$R$18,2,1) -> 7 | E76: =VLOOKUP(Model!I11,Results!$T$8:$U$18,2,1) -> 10 | G76: 7 | H76: =SUMPRODUCT(B76:G76,$B$3:$G$3)/SUM($B$3:$G$3) -> 7.3636364
A77: Gracjan | B77: =VLOOKUP(Model!D28,Results!$K$8:$L$18,2,1) -> 1 | C77: =VLOOKUP(Model!E28,Results!$N$8:$O$18,2,1) -> 7 | D77: =VLOOKUP(Model!G28,Results!$Q$8:$R$18,2,1) -> 1 | E77: =VLOOKUP(Model!I28,Results!$T$8:$U$18,2,1) -> 10 | G77: 7 | H77: =SUMPRODUCT(B77:G77,$B$3:$G$3)/SUM($B$3:$G$3) -> 4.0909091
A78: Tomek | B78: =VLOOKUP(Model!D94,Results!$K$8:$L$18,2,1) -> 1 | C78: =VLOOKUP(Model!E94,Results!$N$8:$O$18,2,1) -> 1 | D78: =VLOOKUP(Model!G94,Results!$Q$8:$R$18,2,1) -> 1 | E78: =VLOOKUP(Model!I94,Results!$T$8:$U$18,2,1) -> 1 | G78: 7 | H78: =SUMPRODUCT(B78:G78,$B$3:$G$3)/SUM($B$3:$G$3) -> 1.6363636
A79: Paweł | B79: =VLOOKUP(Model!D61,Results!$K$8:$L$18,2,1) -> 1 | C79: =VLOOKUP(Model!E61,Results!$N$8:$O$18,2,1) -> 9 | D79: =VLOOKUP(Model!G61,Results!$Q$8:$R$18,2,1) -> 1 | E79: =VLOOKUP(Model!I61,Results!$T$8:$U$18,2,1) -> 10 | G79: 7 | H79: =SUMPRODUCT(B79:G79,$B$3:$G$3)/SUM($B$3:$G$3) -> 4.4545455
A80: Piotr | B80: =VLOOKUP(Model!D127,Results!$K$8:$L$18,2,1) -> 4 | C80: =VLOOKUP(Model!E127,Results!$N$8:$O$18,2,1) -> 1 | D80: =VLOOKUP(Model!G127,Results!$Q$8:$R$18,2,1) -> 10 | E80: =VLOOKUP(Model!I127,Results!$T$8:$U$18,2,1) -> 6 | G80: 7 | H80: =SUMPRODUCT(B80:G80,$B$3:$G$3)/SUM($B$3:$G$3) -> 5.3939394
A82: Sprint 31
B83: Completed scope | C83: Scope vs Team (h) | D83: Fokus rate | E83: Capacity | F83: Timeout of the task | G83: Team's NPS | H83: Score
A84: Waga | B84: =$K$3 -> 1.2 | C84: =$L$3 -> 1.2 | D84: =$M$3 -> 1.8 | E84: =$N$3 -> 1 | F84: =$O$3 -> 0.6 | G84: =$P$3 -> 0.8
A85: Marek | B85: =VLOOKUP(Model!D12,Results!$K$8:$L$18,2,1) -> 8 | C85: =VLOOKUP(Model!E12,Results!$N$8:$O$18,2,1) -> 9 | D85: =VLOOKUP(Model!G12,Results!$Q$8:$R$18,2,1) -> 8 | E85: =VLOOKUP(Model!I12,Results!$T$8:$U$18,2,1) -> 10 | G85: 7 | H85: =SUMPRODUCT(B85:G85,$B$3:$G$3)/SUM($B$3:$G$3) -> 7.6363636
A86: Gracjan | B86: =VLOOKUP(Model!D29,Results!$K$8:$L$18,2,1) -> 1 | C86: =VLOOKUP(Model!E29,Results!$N$8:$O$18,2,1) -> 8 | D86: =VLOOKUP(Model!G29,Results!$Q$8:$R$18,2,1) -> 1 | E86: =VLOOKUP(Model!I29,Results!$T$8:$U$18,2,1) -> 10 | G86: 7 | H86: =SUMPRODUCT(B86:G86,$B$3:$G$3)/SUM($B$3:$G$3) -> 4.2727273
A87: Tomek | B87: =VLOOKUP(Model!D95,Results!$K$8:$L$18,2,1) -> 1 | C87: =VLOOKUP(Model!E95,Results!$N$8:$O$18,2,1) -> 1 | D87: =VLOOKUP(Model!G95,Results!$Q$8:$R$18,2,1) -> 1 | E87: =VLOOKUP(Model!I95,Results!$T$8:$U$18,2,1) -> 1 | G87: 7 | H87: =SUMPRODUCT(B87:G87,$B$3:$G$3)/SUM($B$3:$G$3) -> 1.6363636
A88: Paweł | B88: =VLOOKUP(Model!D62,Results!$K$8:$L$18,2,1) -> 1 | C88: =VLOOKUP(Model!E62,Results!$N$8:$O$18,2,1) -> 4 | D88: =VLOOKUP(Model!G62,Results!$Q$8:$R$18,2,1) -> 1 | E88: =VLOOKUP(Model!I62,Results!$T$8:$U$18,2,1) -> 7 | G88: 7 | H88: =SUMPRODUCT(B88:G88,$B$3:$G$3)/SUM($B$3:$G$3) -> 3.0909091
A89: Piotr | B89: =VLOOKUP(Model!D128,Results!$K$8:$L$18,2,1) -> 6 | C89: =VLOOKUP(Model!E128,Results!$N$8:$O$18,2,1) -> 1 | D89: =VLOOKUP(Model!G128,Results!$Q$8:$R$18,2,1) -> 7 | E89: =VLOOKUP(Model!I128,Results!$T$8:$U$18,2,1) -> 8 | G89: 7 | H89: =SUMPRODUCT(B89:G89,$B$3:$G$3)/SUM($B$3:$G$3) -> 5.2424242
A91: Sprint 33
B92: Completed scope | C92: Scope vs Team (h) | D92: Fokus rate | E92: Capacity | F92: Timeout of the task | G92: Team's NPS | H92: Score
A93: Waga | B93: =$K$3 -> 1.2 | C93: =$L$3 -> 1.2 | D93: =$M$3 -> 1.8 | E93: =$N$3 -> 1 | F93: =$O$3 -> 0.6 | G93: =$P$3 -> 0.8
A94: Marek | B94: =VLOOKUP(Model!D13,Results!$K$8:$L$18,2,1) -> 10 | C94: =VLOOKUP(Model!E13,Results!$K$8:$L$18,2,1) -> 10 | D94: =VLOOKUP(Model!G13,Results!$K$8:$L$18,2,1) -> 10 | E94: =VLOOKUP(Model!I13,Results!$K$8:$L$18,2,1) -> 10 | G94: 7 | H94: =SUMPRODUCT(B94:G94,$B$3:$G$3)/SUM($B$3:$G$3) -> 8.7272727
A95: Gracjan | B95: =VLOOKUP(Model!D30,Results!$K$8:$L$18,2,1) -> 1 | C95: =VLOOKUP(Model!E30,Results!$K$8:$L$18,2,1) -> 10 | D95: =VLOOKUP(Model!G30,Results!$K$8:$L$18,2,1) -> 1 | E95: =VLOOKUP(Model!I30,Results!$K$8:$L$18,2,1) -> 10 | G95: 7 | H95: =SUMPRODUCT(B95:G95,$B$3:$G$3)/SUM($B$3:$G$3) -> 4.6363636
A96: Hania | B96: =VLOOKUP(Model!D96,Results!$K$8:$L$18,2,1) -> 8 | C96: =VLOOKUP(Model!E96,Results!$K$8:$L$18,2,1) -> 9 | D96: =VLOOKUP(Model!G96,Results!$K$8:$L$18,2,1) -> 8 | E96: =VLOOKUP(Model!I96,Results!$K$8:$L$18,2,1) -> 10 | G96: 7 | H96: =SUMPRODUCT(B96:G96,$B$3:$G$3)/SUM($B$3:$G$3) -> 7.6363636
A97: Paweł | B97: =VLOOKUP(Model!D63,Results!$K$8:$L$18,2,1) -> 1 | C97: =VLOOKUP(Model!E63,Results!$K$8:$L$18,2,1) -> 2 | D97: =VLOOKUP(Model!G63,Results!$K$8:$L$18,2,1) -> 1 | E97: =VLOOKUP(Model!I63,Results!$K$8:$L$18,2,1) -> 6 | G97: 7 | H97: =SUMPRODUCT(B97:G97,$B$3:$G$3)/SUM($B$3:$G$3) -> 2.5757576
A98: Piotr | B98: =VLOOKUP(Model!D129,Results!$K$8:$L$18,2,1) -> 1 | C98: =VLOOKUP(Model!E129,Results!$K$8:$L$18,2,1) -> 1 | D98: =VLOOKUP(Model!G129,Results!$K$8:$L$18,2,1) -> 4 | E98: =VLOOKUP(Model!I129,Results!$K$8:$L$18,2,1) -> 4 | G98: 7 | H98: =SUMPRODUCT(B98:G98,$B$3:$G$3)/SUM($B$3:$G$3) -> 2.9090909
A100: Sprint 34
B101: Completed scope | C101: Scope vs Team (h) | D101: Fokus rate | E101: Capacity | F101: Timeout of the task | G101: Team's NPS | H101: Score
A102: Waga | B102: =$K$3 -> 1.2 | C102: =$L$3 -> 1.2 | D102: =$M$3 -> 1.8 | E102: =$N$3 -> 1 | F102: =$O$3 -> 0.6 | G102: =$P$3 -> 0.8
A103: Marek
A104: Gracjan | B104: =VLOOKUP(Model!D31,Results!$K$8:$L$18,2,1) -> 6 | C104: =VLOOKUP(Model!E31,Results!$K$8:$L$18,2,1) -> 9 | D104: =VLOOKUP(Model!G31,Results!$K$8:$L$18,2,1) -> 7 | E104: =VLOOKUP(Model!I31,Results!$K$8:$L$18,2,1) -> 10 | G104: 7 | H104: =SUMPRODUCT(B104:G104,$B$3:$G$3)/SUM($B$3:$G$3) -> 7
A105: Hania | B105: =VLOOKUP(Model!D97,Results!$K$8:$L$18,2,1) -> 6 | C105: =VLOOKUP(Model!E97,Results!$K$8:$L$18,2,1) -> 8 | D105: =VLOOKUP(Model!G97,Results!$K$8:$L$18,2,1) -> 6 | E105: =VLOOKUP(Model!I97,Results!$K$8:$L$18,2,1) -> 9 | G105: 7 | H105: =SUMPRODUCT(B105:G105,$B$3:$G$3)/SUM($B$3:$G$3) -> 6.3939394
A106: Paweł | B106: =VLOOKUP(Model!D64,Results!$K$8:$L$18,2,1) -> 6 | C106: =VLOOKUP(Model!E64,Results!$K$8:$L$18,2,1) -> 10 | D106: =VLOOKUP(Model!G64,Results!$K$8:$L$18,2,1) -> 5 | E106: =VLOOKUP(Model!I64,Results!$K$8:$L$18,2,1) -> 10 | G106: 7 | H106: =SUMPRODUCT(B106:G106,$B$3:$G$3)/SUM($B$3:$G$3) -> 6.6363636
A107: Piotr | B107: =VLOOKUP(Model!D130,Results!$K$8:$L$18,2,1) -> 2 | C107: =VLOOKUP(Model!E130,Results!$K$8:$L$18,2,1) -> 4 | D107: =VLOOKUP(Model!G130,Results!$K$8:$L$18,2,1) -> 10 | E107: 0 | G107: 7 | H107: =SUMPRODUCT(B107:G107,$B$3:$G$3)/SUM($B$3:$G$3) -> 4.6666667
A108: Kamil
A110: Sprint 35
...

Sheet Model
A1: Marek
A2: Sprint | B2: Completed | C2: Scope | D2: % Copleted | E2: Scope vs Team H | F2: Worked Hours | G2: Focus Rate | H2: Capacity | I2: % Capacity
A3: 22 (08.11-21.11) | B3: 46.75 | C3: 51.75 | D3: =B3/C3 -> 0.90338164 | E3: =B3/B179 -> 1.464752 | F3: 47.5 | G3: =B3/F3 -> 0.98421053 | H3: 50 | I3: =F3/H3 -> 0.95
A4: 23 (22.11-05.12) | B4: 12.67 | C4: 17.67 | D4: =B4/C4 -> 0.71703452 | E4: =B4/B180 -> 0.72510492 | F4: 50.5 | G4: =B4/F4 -> 0.25089109 | H4: 56.5 | I4: =F4/H4 -> 0.89380531
A5: 24 (06.12-19.12) | B5: 32 | C5: 58.75 | D5: =B5/C5 -> 0.54468085 | E5: =B5/B181 -> 0.92236741 | F5: 46 | G5: =B5/F5 -> 0.69565217 | H5: 56.5 | I5: =F5/H5 -> 0.81415929
A6: 25 (20.12-02.01) | B6: 30.5 | C6: 51.75 | D6: =B6/C6 -> 0.58937198 | E6: =B6/B182 -> 1.5822238 | F6: 41.75 | G6: =B6/F6 -> 0.73053892 | H6: 53.5 | I6: =F6/H6 -> 0.78037383
A7: 26 (03.01-16.01) | B7: 35 | C7: 42.5 | D7: =B7/C7 -> 0.82352941 | E7: =B7/B183 -> 0.95890411 | F7: 48.75 | G7: =B7/F7 -> 0.71794872 | H7: 53.5 | I7: =F7/H7 -> 0.91121495
A8: 27 (17.01-30.01) | B8: 59.35 | C8: 67.35 | D8: =B8/C8 -> 0.88121752 | E8: =B8/B184 -> 1.1789049 | F8: 52 | G8: =B8/F8 -> 1.1413462 | H8: 51.5 | I8: =F8/H8 -> 1.0097087
A9: 28 (31.01-13.02) | B9: 68.75 | C9: 67.75 | D9: =B9/C9 -> 1.0147601 | E9: =B9/B185 -> 1.2884183 | F9: 54 | G9: =B9/F9 -> 1.2731481 | H9: 55 | I9: =F9/H9 -> 0.98181818
A10: 29 (14.02-27.02) | B10: 41.17 | C10: 46.17 | D10: =B10/C10 -> 0.89170457 | E10: =B10/B186 -> 1.2118328 | F10: 62 | G10: =B10/F10 -> 0.66403226 | H10: 52 | I10: =F10/H10 -> 1.1923077
A11: 30 (28.02-13.03) | B11: 41 | C11: 37 | D11: =B11/C11 -> 1.1081081 | E11: =B11/B187 -> 0.84536082 | F11: 57.25 | G11: =B11/F11 -> 0.71615721 | H11: 55 | I11: =F11/H11 -> 1.0409091
A12: 31 (14.03-27.03) | B12: 56 | C12: 67 | D12: =B12/C12 -> 0.8358209 | E12: =B12/$B$188 -> 1.0434135 | F12: 63.5 | G12: =B12/F12 -> 0.88188976 | H12: 55 | I12: =F12/H12 -> 1.1545455
A13: =Sheet2!G3 -> 33 (06.06 - 19.06) | B13: 58.5 | C13: 57.5 | D13: =B13/C13 -> 1.0173913 | E13: =B13/$B$189 -> 1.6363636 | F13: 57.5 | G13: =B13/F13 -> 1.0173913 | H13: 42.4 | I13: =F13/H13 -> 1.3561321
A18: Gracjan | B18: Gracjan
A19: Sprint | B19: Completed | C19: Scope | D19: % Copleted | E19: Scope vs Team H | F19: Worked Hours | G19: Fokus Rate | H19: Capacity | I19: % Capacity
A20: 22 (08.11-21.11) | B20: 18.5 | C20: 39.17 | E20: =B20/B179 -> 0.57963446 | F20: 39 | H20: 33.5 | I20: =F20/H20 -> 1.1641791
A21: 23 (22.11-05.12) | B21: 17.75 | C21: 45.75 | E21: =B21/B180 -> 1.0158337 | F21: 58.5 | H21: 56.5 | I21: =F21/H21 -> 1.0353982
A22: 24 (06.12-19.12) | B22: 44.33 | C22: 57.33 | E22: =B22/B181 -> 1.2777671 | F22: 48.5 | H22: 56.5 | I22: =F22/H22 -> 0.85840708
A23: 25 (20.12-03.01) | B23: 23.33 | C23: 39.67 | E23: =B23/B182 -> 1.2102715 | F23: 46.25 | H23: 53.5 | I23: =F23/H23 -> 0.86448598
A24: 26 (03.01-16.01) | B24: 43.5 | C24: 59.5 | E24: =B24/B183 -> 1.1917808 | F24: 40.25 | H24: 38 | I24: =F24/H24 -> 1.0592105
A25: 27 (17.01-30.01) | B25: 45 | C25: 60 | E25: =B25/B184 -> 0.89386215 | F25: 41.25 | H25: 38 | I25: =F25/H25 -> 1.0855263
A26: 28 (31.01-13.02) | B26: 53.58 | C26: 57.58 | E26: =B26/$B185 -> 1.0041229 | F26: 48.25 | H26: 39.5 | I26: =F26/H26 -> 1.221519
A27: 29 (14.02-27.02) | B27: 28.5 | C27: 46 | E27: =B27/$B186 -> 0.83889325 | F27: 46.25 | H27: 39.5 | I27: =F27/H27 -> 1.1708861
A28: 30 (28.02-13.03) | B28: 42.5 | C28: 35.5 | E28: =B28/$B187 -> 0.87628866 | F28: 45.5 | H28: 39.5 | I28: =F28/H28 -> 1.1518987
A29: 31 (14.03-27.03) | B29: 53.67 | C29: 65.67 | E29: =B29/$B188 -> 1 | F29: 40.75 | H29: 39.5 | I29: =F29/H29 -> 1.0316456
A30: =Sheet2!G3 -> 33 (06.06 - 19.06) | B30: 38.25 | C30: 43 | E30: =B30/$B189 -> 1.0699301 | F30: 34 | H30: 31.9 | I30: =F30/H30 -> 1.0658307
A31: =Sheet2!G4 -> 34 (20.06 - 03.07) | B31: 39 | C31: 57 | D31: =B31/C31 -> 0.68421053 | E31: =B31/$B190 -> 0.98734177 | F31: =68-9.5-3 -> 55.5 | G31: =B31/F31 -> 0.7027027 | H31: 50.5 | I31: =F31/H31 -> 1.0990099
A32: =Sheet2!G5 -> 35 (04.07 - 17.07) | B32: 47 | C32: 54 | D32: =B32/C32 -> 0.87037037 | E32: =B32/$B191 -> 0.96575342 | F32: 52.5 | G32: =B32/F32 -> 0.8952381 | H32: 51 | I32: =F32/H32 -> 1.0294118
A33: =Sheet2!G6 -> 36 (18.07 - 31.07) | B33: 40.5 | C33: 45 | D33: =B33/C33 -> 0.9 | E33: =B33/$B192 -> 0.86476868 | F33: 50.75 | G33: =B33/F33 -> 0.79802956 | H33: 56 | I33: =F33/H33 -> 0.90625
A34: =Sheet2!G7 -> 37 (01.08 - 14.08) | B34: 40.5 | C34: 64.5 | D34: =B34/C34 -> 0.62790698 | E34: =B34/$B193 -> 0.93822394 | F34: 47.25 | G34: =B34/F34 -> 0.85714286 | H34: 48 | I34: =F34/H34 -> 0.984375
A35: =Sheet2!G8 -> 38 (15.08 - 28.08) | B35: 48 | C35: 69 | D35: =B35/C35 -> 0.69565217 | E35: =B35/$B194 -> 0.92307692 | F35: 42 | G35: =B35/F35 -> 1.1428571 | H35: 36 | I35: =F35/H35 -> 1.1666667
A36: =Sheet2!G9 -> 39 (29.08 - 11.09) | B36: 51 | C36: 41 | D36: =B36/C36 -> 1.2439024 | E36: =B36/$B195 -> 1.0712035 | F36: 48.75 | G36: =B36/F36 -> 1.0461538 | H36: 39 | I36: =F36/H36 -> 1.25
A37: =Sheet2!G10 -> 40 (12.09 - 25.09) | B37: 46 | C37: 46 | D37: =B37/C37 -> 1 | E37: =B37/$B196 -> 1.0615385 | F37: 46.75 | G37: =B37/F37 -> 0.98395722 | H37: 41 | I37: =F37/H37 -> 1.1402439
A38: =Sheet2!G11 -> 41 (26.09 - 09.10) | B38: 64 | C38: 42 | D38: =B38/C38 -> 1.5238095 | E38: =B38/$B197 -> 1.0666667 | F38: 55.25 | G38: =B38/F38 -> 1.158371 | H38: 55.5 | I38: =F38/H38 -> 0.9954955
A39: =Sheet2!G12 -> 42 (10.10 - 23.10) | B39: 45 | C39: 43 | D39: =B39/C39 -> 1.0465116 | E39: =B39/$B198 -> 0.59734513 | F39: 55.5 | G39: =B39/F39 -> 0.81081081 | H39: 42 | I39: =F39/H39 -> 1.3214286
A40: =Sheet2!G13 -> 43 (24.10 - 06.11) | B40: 71 | C40: 60 | D40: =B40/C40 -> 1.1833333 | E40: =B40/$B199 -> 1.2792793 | F40: 50.75 | G40: =B40/F40 -> 1.3990148 | H40: 46 | I40: =F40/H40 -> 1.1032609
A41: =Sheet2!G14 -> 44 (07.11 - 20.11) | B41: 52 | C41: 60 | D41: =B41/C41 -> 0.86666667 | E41: =B41/$B200 -> 0.77227723 | F41: 55.5 | G41: =B41/F41 -> 0.93693694 | H41: 49 | I41: =F41/H41 -> 1.1326531
A42: =Sheet2!G15 -> 45 (21.11 - 04.12) | B42: 89 | C42: 79 | D42: =B42/C42 -> 1.1265823 | E42: =B42/$B201 -> 1.2418605 | F42: 67.75 | G42: =B42/F42 -> 1.3136531 | H42: 54 | I42: =F42/H42 -> 1.2546296
A43: =Sheet2!G16 -> 46 (05.12 - 18.12) | B43: 64 | C43: 39 | D43: =B43/C43 -> 1.6410256 | E43: =B43/$B202 -> 0.84955752 | F43: 56.75 | G43: =B43/F43 -> 1.1277533 | H43: 48 | I43: =F43/H43 -> 1.1822917
A44: =Sheet2!G17 -> 47 (19.12 - 01.01) | B44: 36 | C44: 39 | D44: =B44/C44 -> 0.92307692
A45: 48 | B45: 35 | C45: 56
A46: 49 | B46: 26 | C46: 61
D47: =AVERAGE(D30:D44) -> 1.0237892 | E47: =AVERAGE(E20:E43) -> 0.98238657 | G47: =AVERAGE(G30:G43) -> 1.0132786 | I47: =AVERAGE(I20:I43) -> 1.0947793
A51: Paweł | B51: Paweł
A52: Sprint | B52: Completed | C52: Scope | D52: % Copleted | E52: Scope vs Team H | F52: Worked Hours | G52: Fokus Rate | H52: Capacity | I52: % Capacity
A53: 22 (08.11-21.11) | B53: 30.5 | C53: 37 | E53: =B53/B179 -> 0.95561358 | F53: 32 | H53: 43.5 | I53: =F53/H53 -> 0.73563218
A54: 23 (22.11-05.12) | B54: 22 | C54: 32 | E54: =B54/B180 -> 1.2590614 | F54: 45 | H54: 56.5 | I54: =F54/H54 -> 0.79646018
A55: 24 (06.12-19.12) | B55: 27.75 | C55: 38.33 | E55: =B55/B181 -> 0.79986549 | F55: 34.25 | H55: 56.5 | I55: =F55/H55 -> 0.60619469
A56: 25 (20.12-03.01) | B56: 0 | C56: 10.58 | E56: =B56/B182 -> 0 | F56: 21.75 | H56: 23 | I56: =F56/H56 -> 0.94565217
A57: 26 (03.01-16.01) | B57: 31 | C57: 43 | E57: =B57/B183 -> 0.84931507 | F57: 38.75 | H57: 53.5 | I57: =F57/H57 -> 0.72429907
A58: 27 (17.01-30.01) | B58: 46.68 | C58: 50.68 | E58: =B58/B184 -> 0.927233 | F58: 46.25 | H58: 46.5 | I58: =F58/H58 -> 0.99462366
A59: 28 (31.01-13.02) | B59: 37.75 | C59: 44 | E59: =B59/B185 -> 0.70745877 | F59: 46.17 | H59: 55 | I59: =F59/H59 -> 0.83945455
A60: 29 (14.02-27.02) | B60: 32.25 | C60: 58.85 | E60: =B60/B186 -> 0.94927394 | F60: 54.75 | H60: 52 | I60: =F60/H60 -> 1.0528846
A61: 30 (28.02-13.03) | B61: 48.5 | C61: 48.6 | E61: =B61/B187 -> 1 | F61: 53.5 | H61: 53.5 | I61: =F61/H61 -> 1
A62: 31 (14.03-27.03) | B62: 30.85 | C62: 36.85 | E62: =B62/$B$188 -> 0.57480902 | F62: 39.25 | H62: 51.5 | I62: =F62/H62 -> 0.76213592
A63: =Sheet2!G3 -> 33 (06.06 - 19.06) | B63: 8 | C63: 30 | E63: =B63/$B$189 -> 0.22377622 | F63: 29.25 | H63: 44.3 | I63: =F63/H63 -> 0.66027088
A64: =Sheet2!G4 -> 34 (20.06 - 03.07) | B64: 40 | C64: 60 | D64: =B64/C64 -> 0.66666667 | E64: =B64/$B$190 -> 1.0126582 | F64: =79.75-9.25-0.75 -> 69.75 | G64: =B64/F64 -> 0.5734767 | H64: 56.5 | I64: =F64/H64 -> 1.2345133
A65: =Sheet2!G5 -> 35 (04.07 - 17.07) | B65: 54 | C65: 71 | D65: =B65/C65 -> 0.76056338 | E65: =B65/$B$191 -> 1.109589 | F65: 55.5 | G65: =B65/F65 -> 0.97297297 | H65: 53 | I65: =F65/H65 -> 1.0471698
A66: =Sheet2!G6 -> 36 (18.07 - 31.07) | B66: 66 | C66: 66 | D66: =B66/C66 -> 1 | E66: =B66/$B192 -> 1.4092527 | F66: 55.25 | G66: =B66/F66 -> 1.1945701 | H66: 56 | I66: =F66/H66 -> 0.98660714
A67: =Sheet2!G7 -> 37 (01.08 - 14.08) | B67: 29 | C67: 46 | D67: =B67/C67 -> 0.63043478 | E67: =B67/$B193 -> 0.67181467 | F67: 49.25 | G67: =B67/F67 -> 0.58883249 | H67: 44 | I67: =F67/H67 -> 1.1193182
A68: =Sheet2!G8 -> 38 (15.08 - 28.08) | B68: 40 | C68: 64 | D68: =B68/C68 -> 0.625 | E68: =B68/$B194 -> 0.76923077 | F68: 48.25 | G68: =B68/F68 -> 0.82901554 | H68: 40 | I68: =F68/H68 -> 1.20625
A69: =Sheet2!G9 -> 39 (29.08 - 11.09) | B69: 36 | C69: 36 | D69: =B69/C69 -> 1 | E69: =B69/$B195 -> 0.75614367 | F69: 53.75 | G69: =B69/F69 -> 0.66976744 | H69: 42 | I69: =F69/H69 -> 1.2797619
A70: =Sheet2!G10 -> 40 (12.09 - 25.09) | B70: 46 | C70: 46 | D70: =B70/C70 -> 1 | E70: =B70/$B196 -> 1.0615385 | F70: 50.08 | G70: =B70/F70 -> 0.91853035 | H70: 39 | I70: =F70/H70 -> 1.2841026
A71: =Sheet2!G11 -> 41 (26.09 - 09.10) | B71: 47 | C71: 40 | D71: =B71/C71 -> 1.175 | E71: =B71/$B197 -> 0.78333333 | F71: 57.5 | G71: =B71/F71 -> 0.8173913 | H71: 54.5 | I71: =F71/H71 -> 1.0550459
A72: =Sheet2!G12 -> 42 (10.10 - 23.10) | B72: 31 | C72: 45 | D72: =B72/C72 -> 0.68888889 | E72: =B72/$B198 -> 0.41150442 | F72: 51 | G72: =B72/F72 -> 0.60784314 | H72: 41 | I72: =F72/H72 -> 1.2439024
A73: =Sheet2!G13 -> 43 (24.10 - 06.11) | B73: 51.5 | C73: 50.5 | D73: =B73/C73 -> 1.019802 | E73: =B73/$B199 -> 0.92792793 | F73: 47 | G73: =B73/F73 -> 1.0957447 | H73: 45 | I73: =F73/H73 -> 1.0444444
A74: =Sheet2!G14 -> 44 (07.11 - 20.11) | B74: 37.17 | C74: 47.17 | D74: =B74/C74 -> 0.78800085 | E74: =B74/$B200 -> 0.5520297 | F74: 51.75 | G74: =B74/F74 -> 0.71826087 | H74: 53.5 | I74: =F74/H74 -> 0.96728972
A75: =Sheet2!G15 -> 45 (21.11 - 04.12) | B75: 38 | C75: 23 | D75: =B75/C75 -> 1.6521739 | E75: =B75/$B201 -> 0.53023256 | F75: 50 | G75: =B75/F75 -> 0.76 | H75: 37.5 | I75: =F75/H75 -> 1.3333333
A76: =Sheet2!G16 -> 46 (05.12 - 18.12) | B76: 26 | C76: 33 | D76: =B76/C76 -> 0.78787879 | E76: =B76/$B202 -> 0.34513274 | F76: 50 | G76: =B76/F76 -> 0.52 | H76: 47 | I76: =F76/H76 -> 1.0638298
A77: =Sheet2!G17 -> 47 (19.12 - 01.01) | B77: 14 | C77: 25 | D77: =B77/C77 -> 0.56
A78: 48 | B78: 52 | C78: 63
A79: 49 | B79: 40 | C79: 58
D80: =AVERAGE(D63:D77) -> 0.8824578 | E80: =AVERAGE(E53:E76) -> 0.77444978 | G80: =AVERAGE(G63:G76) -> 0.78972351 | I80: =AVERAGE(I53:I76) -> 0.99929902
A84: Hania | B84: Tomek
A85: Sprint | B85: Completed | C85: Scope | D85: % Copleted | E85: Scope vs Team H | F85: Worked Hours | G85: Fokus Rate | H85: Capacity | I85: % Capacity
A86: 22 (08.11-21.11)
A87: 23 (22.11-05.12)
A88: 24 (06.12-19.12)
A89: 25 (20.12-03.01)
A90: 26 (03.01-16.01)
A91: 27 (17.01-30.01)
A92: 28 (31.01-13.02)
A93: 29 (14.02-27.02)
A94: 30 (28.02-13.03)
A95: 31 (14.03-27.03)
A96: =Sheet2!G3 -> 33 (06.06 - 19.06) | B96: 33.25 | C96: 40.25 | D96: =B96/C96 -> 0.82608696 | E96: =B96/$B189 -> 0.93006993 | F96: 38.5 | G96: =B96/F96 -> 0.86363636 | H96: 35.6 | I96: =F96/H96 -> 1.0814607
A97: =Sheet2!G4 -> 34 (20.06 - 03.07) | B97: 33 | C97: 53 | D97: =B97/C97 -> 0.62264151 | E97: =B97/$B190 -> 0.83544304 | F97: =65.25-9.5-8.25 -> 47.5 | G97: =B97/F97 -> 0.69473684 | H97: 51 | I97: =F97/H97 -> 0.93137255
A98: =Sheet2!G5 -> 35 (04.07 - 17.07) | B98: 44.75 | C98: 68.75 | D98: =B98/C98 -> 0.65090909 | E98: =B98/$B191 -> 0.91952055 | F98: 54.5 | G98: =B98/F98 -> 0.82110092 | H98: 56.5 | I98: =F98/H98 -> 0.96460177
A99: =Sheet2!G6 -> 36 (18.07 - 31.07) | B99: 34 | C99: 49 | D99: =B99/C99 -> 0.69387755 | E99: =B99/$B192 -> 0.72597865 | F99: 14.42 | G99: 1 | H99: 23 | I99: =F99/H99 -> 0.62695652
A100: =Sheet2!G7 -> 37 (01.08 - 14.08) | B100: 15 | C100: 62 | D100: =B100/C100 -> 0.24193548 | E100: =B100/$B193 -> 0.34749035 | F100: 53.33 | G100: =B100/F100 -> 0.28126758 | H100: 49 | I100: =F100/H100 -> 1.0883673
A101: =Sheet2!G8 -> 38 (15.08 - 28.08) | B101: 59 | C101: 70 | D101: =B101/C101 -> 0.84285714 | E101: =B101/$B194 -> 1.1346154 | F101: 46.67 | G101: =B101/F101 -> 1.2641954 | H101: 32 | I101: =F101/H101 -> 1.4584375
A102: =Sheet2!G9 -> 39 (29.08 - 11.09) | B102: 26 | C102: 22 | D102: =B102/C102 -> 1.1818182 | E102: =B102/$B195 -> 0.54610376 | F102: 51 | G102: =B102/F102 -> 0.50980392 | H102: 41 | I102: =F102/H102 -> 1.2439024
A103: =Sheet2!G10 -> 40 (12.09 - 25.09) | B103: 21 | C103: 33 | D103: =B103/C103 -> 0.63636364 | E103: =B103/$B196 -> 0.48461538 | F103: 9.5 | G103: =B103/F103 -> 2.2105263 | H103: 9 | I103: =F103/H103 -> 1.0555556
A104: =Sheet2!G11 -> 41 (26.09 - 09.10) | B104: 16 | C104: 45 | D104: =B104/C104 -> 0.35555556 | E104: =B104/$B197 -> 0.26666667 | F104: 55.41 | G104: =B104/F104 -> 0.28875654 | H104: 49.5 | I104: =F104/H104 -> 1.1193939
A105: =Sheet2!G12 -> 42 (10.10 - 23.10) | B105: 77 | C105: 72 | D105: =B105/C105 -> 1.0694444 | E105: =B105/$B198 -> 1.0221239 | F105: 46.6 | G105: =B105/F105 -> 1.6523605 | H105: 37 | I105: =F105/H105 -> 1.2594595
A106: =Sheet2!G13 -> 43 (24.10 - 06.11) | B106: 16 | C106: 38 | D106: =B106/C106 -> 0.42105263 | E106: =B106/$B199 -> 0.28828829 | F106: 37.75 | G106: =B106/F106 -> 0.42384106 | H106: 40.5 | I106: =F106/H106 -> 0.93209877
A107: =Sheet2!G14 -> 44 (07.11 - 20.11) | B107: 79 | C107: 57 | D107: =B107/C107 -> 1.3859649 | E107: =B107/$B200 -> 1.1732673 | F107: 51.25 | G107: =B107/F107 -> 1.5414634 | H107: 54.5 | I107: =F107/H107 -> 0.94036697
A108: =Sheet2!G15 -> 45 (21.11 - 04.12) | B108: 65 | C108: 52 | D108: =B108/C108 -> 1.25 | E108: =B108/$B201 -> 0.90697674 | F108: 68.3 | G108: =B108/F108 -> 0.95168375 | H108: 54 | I108: =F108/H108 -> 1.2648148
A109: =Sheet2!G16 -> 46 (05.12 - 18.12) | B109: 61 | C109: 31 | D109: =B109/C109 -> 1.9677419 | E109: =B109/$B202 -> 0.80973451 | F109: 66.4 | G109: =B109/F109 -> 0.9186747 | H109: 53.5 | I109: =F109/H109 -> 1.2411215
A110: =Sheet2!G17 -> 47 (19.12 - 01.01) | B110: 35 | C110: 27 | D110: =B110/C110 -> 1.2962963
...

Sheet Model Kar - Darft
K1: Zakres punktowe | L1: Poziom rabatu / dodatku
B2: Sprint 25 | C2: Sprint 26 | D2: Sprint 27 | E2: 33 | F2: AVG - Sprints | G2: Kara/Wzrost | H2: Liczba rabatowanych h | I2: Kwota | K2: 0 | L2: -1 | N2: -1
A3: Marek | B3: =Results!B$242 -> 6.5454545 | C3: =Results!B243 -> 7.030303 | D3: =Results!B244 -> 8.1818182 | E3: =_xlfn.XLOOKUP(A3,Results!$A$238:$F$238,Results!$A$249:$F$249) -> 8.7272727 | F3: =AVERAGE(B3:E3) -> 7.6212121 | G3: =VLOOKUP(F3,$K$2:$L$12,2,1) -> 0 | H3: =AVERAGE(Model!F13,G8,G6)*G3 -> 0 | I3: =H3*245 -> 0 | K3: 1 | L3: -0.5 | N3: -0.5
A4: Gracjan | B4: =Results!C$242 -> 4.3333333 | C4: =Results!C243 -> 4.4545455 | D4: =Results!C244 -> 4.0909091 | E4: =_xlfn.XLOOKUP(A4,Results!$A$238:$F$238,Results!$A$249:$F$249) -> 4.6363636 | F4: =AVERAGE(B4:E4) -> 4.3787879 | G4: =VLOOKUP(F4,$K$2:$L$12,2,1) -> -0.15 | H4: =AVERAGE(Model!F30,G20,G18)*G4 -> -5.1 | I4: =H4*245 -> -1249.5 | K4: 2 | L4: -0.3 | N4: -0.3
A5: Tomek | B5: =Results!D$242 -> 0 | C5: =Results!D243 -> 0 | D5: =Results!D244 -> 0 | E5: 0 | F5: =AVERAGE(B5:E5) -> 0 | G5: =VLOOKUP(F5,$K$2:$L$12,2,1) -> -1 | H5: 0 | I5: 0 | J5: =160*245 -> 39200 | K5: 3 | L5: -0.2 | N5: -0.2
A6: Paweł | B6: =Results!E$242 -> 2.8484848 | C6: =Results!E243 -> 3.6363636 | D6: =Results!E244 -> 4.1212121 | E6: =_xlfn.XLOOKUP(A6,Results!$A$238:$F$238,Results!$A$249:$F$249) -> 2.5757576 | F6: =AVERAGE(B6:E6) -> 3.2954545 | G6: =VLOOKUP(F6,$K$2:$L$12,2,1) -> -0.2 | H6: =AVERAGE(Model!F63,G31,G32)*G6 -> -5.85 | I6: =H6*245 -> -1433.25 | K6: 4 | L6: -0.15 | N6: -0.1
A7: Piotr | B7: =Results!F$242 -> 3.2121212 | C7: =Results!F243 -> 3.4545455 | D7: =Results!F244 -> 7.8181818 | E7: =_xlfn.XLOOKUP(A7,Results!$A$238:$F$238,Results!$A$249:$F$249) -> 2.9090909 | F7: =AVERAGE(B7:E7) -> 4.3484848 | G7: =VLOOKUP(F7,$K$2:$L$12,2,1) -> -0.15 | H7: =AVERAGE(Model!F129,G32,G33)*G7 -> -2.238 | I7: =H7*245 -> -548.31 | K7: 5 | L7: -0.1 | N7: -0.05
A8: Hania | E8: =_xlfn.XLOOKUP(A8,Results!$A$238:$F$238,Results!$A$249:$F$249) -> 7.6363636 | F8: =AVERAGE(B8:E8) -> 7.6363636 | G8: =VLOOKUP(F8,$K$2:$L$12,2,1) -> 0 | H8: =AVERAGE(Model!F96,G33,G34)*G8 -> 0 | I8: =H8*245 -> 0 | K8: 6 | L8: -0.05 | N8: 0
H9: Suma | I9: =SUM(I3:I8) -> -3231.06 | K9: 7 | L9: 0 | N9: 0
K10: 8 | L10: 0 | N10: 0
K11: 9 | L11: 0.05 | N11: 0.05
I12: =I5*3 -> 0 | K12: 10 | L12: 0.15 | N12: 0.15

Sheet Sheet2
C2: SPRINT | D2: START | E2: STOP
C3: 33 | D3: 45083 | E3: 45096 | G3: 33 (06.06 - 19.06)
C4: 34 | D4: 45097 | E4: 45110 | F4: 20.06 - 03.07 | G4: 34 (20.06 - 03.07)
C5: 35 | D5: 45111 | E5: 45124 | F5: 04.07 - 17.07 | G5: 35 (04.07 - 17.07)
C6: 36 | D6: 45125 | E6: 45138 | F6: 18.07 - 31.07 | G6: 36 (18.07 - 31.07)
C7: 37 | D7: 45139 | E7: 45152 | F7: 01.08 - 14.08 | G7: 37 (01.08 - 14.08)
C8: 38 | D8: 45153 | E8: 45166 | F8: 15.08 - 28.08 | G8: 38 (15.08 - 28.08)
C9: 39 | D9: 45167 | E9: 45180 | F9: 29.08 - 11.09 | G9: 39 (29.08 - 11.09)
C10: 40 | D10: 45181 | E10: 45194 | F10: 12.09 - 25.09 | G10: 40 (12.09 - 25.09)
C11: 41 | D11: 45195 | E11: 45208 | F11: 26.09 - 09.10 | G11: 41 (26.09 - 09.10)
C12: 42 | D12: 45209 | E12: 45222 | F12: 10.10 - 23.10 | G12: 42 (10.10 - 23.10)
C13: 43 | D13: 45223 | E13: 45236 | F13: 24.10 - 06.11 | G13: 43 (24.10 - 06.11)
C14: 44 | D14: 45237 | E14: 45250 | F14: 07.11 - 20.11 | G14: 44 (07.11 - 20.11)
C15: 45 | D15: 45251 | E15: 45264 | F15: 21.11 - 04.12 | G15: 45 (21.11 - 04.12)
... C17: 47 | D17: 45279 | E17: 45292 | F17: 19.12 - 01.01 | G17: 47 (19.12 - 01.01)

Sheet archives

Sheet Sheet1MM
